-- phpMyAdmin SQL Dump
-- version 5.2.1
-- https://www.phpmyadmin.net/
--
-- Gép: 127.0.0.1
-- Létrehozás ideje: 2025. Ápr 06. 23:37
-- Kiszolgáló verziója: 10.4.28-MariaDB
-- PHP verzió: 8.2.4

SET SQL_MODE = "NO_AUTO_VALUE_ON_ZERO";
START TRANSACTION;
SET time_zone = "+00:00";


/*!40101 SET @OLD_CHARACTER_SET_CLIENT=@@CHARACTER_SET_CLIENT */;
/*!40101 SET @OLD_CHARACTER_SET_RESULTS=@@CHARACTER_SET_RESULTS */;
/*!40101 SET @OLD_COLLATION_CONNECTION=@@COLLATION_CONNECTION */;
/*!40101 SET NAMES utf8mb4 */;

--
-- Adatbázis: `carecompass`
--
CREATE DATABASE IF NOT EXISTS `carecompass` DEFAULT CHARACTER SET utf8mb4 COLLATE utf8mb4_general_ci;
USE `carecompass`;

-- --------------------------------------------------------

--
-- Tábla szerkezet ehhez a táblához `api_endpoints`
--

CREATE TABLE `api_endpoints` (
  `id` int(11) NOT NULL,
  `name` varchar(200) NOT NULL,
  `public` tinyint(1) NOT NULL DEFAULT 0,
  `deleted` tinyint(1) NOT NULL DEFAULT 0
) ENGINE=InnoDB DEFAULT CHARSET=utf8mb4 COLLATE=utf8mb4_general_ci;

--
-- A tábla adatainak kiíratása `api_endpoints`
--

INSERT INTO `api_endpoints` (`id`, `name`, `public`, `deleted`) VALUES
(1, '/api/v1/api.php/auth/login', 1, 0),
(2, '/api/v1/api.php/auth/register', 1, 0),
(3, '/api/v1/api.php/auth/refreshToken', 1, 0),
(4, '/api/v1/api.php/statistics/DoctorReservations', 0, 0),
(5, '/api/v1/api.php/statistics/HospitalReservations', 0, 0),
(6, '/api/v1/api.php/statistics/CompanyReservations', 0, 0),
(7, '/api/v1/api.php/statistics/TotalReservations', 0, 0),
(8, '/api/v1/api.php/statistics/HospitalIncome', 0, 0),
(9, '/api/v1/api.php/statistics/CompanyIncome', 0, 0),
(10, '/api/v1/api.php/statistics/TotalIncome', 0, 0),
(11, '/api/v1/api.php/doctors/GetDoctors', 1, 0),
(12, '/api/v1/api.php/doctors/GetDoctor', 1, 0),
(13, '/api/v1/api.php/doctors/Add', 0, 0),
(14, '/api/v1/api.php/doctors/AddLanguage', 0, 0),
(15, '/api/v1/api.php/doctors/AddService', 0, 0),
(16, '/api/v1/api.php/doctors/AddEducation', 0, 0),
(17, '/api/v1/api.php/doctors/AddPhonenumber', 0, 0),
(18, '/api/v1/api.php/doctors/Delete', 0, 0),
(19, '/api/v1/api.php/doctors/DeleteLanguage', 0, 0),
(20, '/api/v1/api.php/doctors/DeleteEducation', 0, 0),
(21, '/api/v1/api.php/doctors/DeleteService', 0, 0),
(22, '/api/v1/api.php/doctors/DeletePhonenumber', 0, 0),
(23, '/api/v1/api.php/hospitals/GetHospitals', 1, 0),
(24, '/api/v1/api.php/hospitals/GetHospital', 1, 0),
(25, '/api/v1/api.php/hospitals/GetDoctors', 1, 0),
(26, '/api/v1/api.php/hospitals/GetModerators', 0, 0),
(27, '/api/v1/api.php/hospitals/Register', 0, 0),
(28, '/api/v1/api.php/hospitals/AddDoctor', 0, 0),
(29, '/api/v1/api.php/hospitals/AddService', 0, 0),
(30, '/api/v1/api.php/hospitals/AddPhonenumber', 0, 0),
(31, '/api/v1/api.php/hospitals/AddModerator', 0, 0),
(33, '/api/v1/api.php/hospitals/Delete', 0, 0),
(34, '/api/v1/api.php/hospitals/RemoveDoctor', 0, 0),
(35, '/api/v1/api.php/hospitals/RemoveModerator', 0, 0),
(36, '/api/v1/api.php/hospitals/DeletePhonenumber', 0, 0),
(38, '/api/v1/api.php/companies/GetCompanies', 1, 0),
(39, '/api/v1/api.php/companies/GetCompany', 1, 0),
(40, '/api/v1/api.php/companies/GetHospitals', 0, 0),
(41, '/api/v1/api.php/companies/GetDoctors', 1, 0),
(42, '/api/v1/api.php/companies/GetModerators', 0, 0),
(43, '/api/v1/api.php/companies/Register', 0, 0),
(44, '/api/v1/api.php/companies/AddDoctor', 0, 0),
(45, '/api/v1/api.php/companies/RegisterDoctor', 0, 0),
(46, '/api/v1/api.php/companies/AddService', 0, 0),
(47, '/api/v1/api.php/companies/AddPhonenumber', 0, 0),
(48, '/api/v1/api.php/companies/AddModerator', 0, 0),
(50, '/api/v1/api.php/companies/Delete', 0, 0),
(52, '/api/v1/api.php/companies/RemoveDoctor', 0, 0),
(53, '/api/v1/api.php/companies/RemoveService', 0, 0),
(54, '/api/v1/api.php/companies/DeletePhonenumber', 0, 0),
(55, '/api/v1/api.php/companies/RemoveModerator', 0, 0),
(56, '/api/v1/api.php/users/GetBasicUsers', 0, 0),
(58, '/api/v1/api.php/users/GetUser', 0, 0),
(59, '/api/v1/api.php/users/GetAdmins', 0, 0),
(60, '/api/v1/api.php/users/GetAllModerators', 0, 0),
(62, '/api/v1/api.php/users/UpdatePassword', 0, 0),
(63, '/api/v1/api.php/users/InviteAdmin', 0, 0),
(64, '/api/v1/api.php/users/UpdateUser', 0, 0),
(65, '/api/v1/api.php/users/Delete', 0, 0),
(66, '/api/v1/api.php/services/GetServices', 1, 0),
(67, '/api/v1/api.php/services/GetService', 1, 0),
(68, '/api/v1/api.php/services/GetDoctorServices', 1, 0),
(69, '/api/v1/api.php/services/GetDoctorsWithService', 1, 0),
(70, '/api/v1/api.php/services/GetHospitalServices', 1, 0),
(71, '/api/v1/api.php/services/GetCompanyServices', 0, 0),
(72, '/api/v1/api.php/services/GetCompanyTemporaryServices', 0, 0),
(73, '/api/v1/api.php/services/Add', 0, 0),
(74, '/api/v1/api.php/services/AddCompanyTemporaryService', 0, 0),
(77, '/api/v1/api.php/services/Delete', 0, 0),
(80, '/api/v1/api.php/appointments/GetReservation', 0, 0),
(81, '/api/v1/api.php/appointments/GetUserReservation', 0, 0),
(82, '/api/v1/api.php/appointments/GetUserAllReservation', 0, 0),
(84, '/api/v1/api.php/appointments/GetFreeAppointmentTimes', 1, 0),
(85, '/api/v1/api.php/appointments/NewReservation', 0, 0),
(86, '/api/v1/api.php/appointments/FinishReservation', 0, 0),
(87, '/api/v1/api.php/appointments/CancelReservation', 0, 0),
(88, '/api/v1/api.php/data/doctor/languages', 0, 0),
(89, '/api/v1/api.php/data/doctor/educations', 0, 0),
(90, '/api/v1/api.php/data/doctor/services', 0, 0),
(91, '/api/v1/api.php/data/hospital/services', 0, 0),
(92, '/api/v1/api.php/data/hospital/doctors', 0, 0),
(93, '/api/v1/api.php/data/hospital/allDoctors', 0, 0),
(94, '/api/v1/api.php/data/company/services', 0, 0),
(95, '/api/v1/api.php/data/company/hospitals', 0, 0),
(96, '/api/v1/api.php/data/company/doctors', 0, 0),
(97, '/api/v1/api.php/data/company/roles', 0, 0),
(98, '/api/v1/api.php/data/admin/roles', 0, 0),
(99, '/api/v1/api.php/data/admin/companies', 0, 0),
(102, '/api/v1/api.php/data/translate/GetServiceIdFromSlug', 1, 0),
(103, '/api/v1/api.php/data/translate/GetDoctorIdFromSlug', 1, 0),
(104, '/api/v1/api.php/data/translate/GetHospitalIdFromSlug', 1, 0),
(105, '/api/v1/api.php/data/general/GetGenders', 1, 0),
(106, '/api/v1/api.php/data/general/GetZipCodes', 0, 0),
(107, '/api/v1/api.php/data/general/Languages', 0, 0),
(108, '/api/v1/api.php/data/general/Educations', 0, 0),
(109, '/api/v1/api.php/data/general/AddLanguage', 0, 0),
(110, '/api/v1/api.php/data/general/AddEducation', 0, 0),
(111, '/api/v1/api.php/appointments/GetAppointmentTimeDetails', 0, 0),
(112, '/api/v1/api.php/users/ResendEmailConfirm', 0, 0),
(113, '/api/v1/api.php/data/general/DeleteLanguage', 0, 0),
(114, '/api/v1/api.php/data/general/DeleteEducation', 0, 0),
(115, '/api/v1/api.php/doctors/UpdateProfile', 0, 0),
(116, '/api/v1/api.php/doctors/UpdateProfileImage', 0, 0),
(117, '/api/v1/api.php/doctors/ChangePhonenumberActiveState', 0, 0),
(118, '/api/v1/api.php/hospitals/UpdateProfile', 0, 0),
(119, '/api/v1/api.php/hospitals/ChangePhonenumberActiveState', 0, 0),
(120, '/api/v1/api.php/hospitals/UpdateProfileImage', 0, 0),
(121, '/api/v1/api.php/hospitals/UpdateCoverImage', 0, 0),
(122, '/api/v1/api.php/services/ChangeHospitalServiceActiveState', 0, 0),
(123, '/api/v1/api.php/services/UpdateHospitalService', 0, 0),
(124, '/api/v1/api.php/companies/UpdateProfile', 0, 0),
(125, '/api/v1/api.php/companies/ChangePhonenumberActiveState', 0, 0),
(126, '/api/v1/api.php/hospitals/ChangeActiveState', 0, 0),
(127, '/api/v1/api.php/services/UpdateCompanyService', 0, 0),
(128, '/api/v1/api.php/services/UpdateService', 0, 0),
(129, '/api/v1/api.php/calendar/GetReservedTimes', 0, 0),
(130, '/api/v1/api.php/calendar/GetHolidays', 0, 0),
(131, '/api/v1/api.php/calendar/GetWorktimes', 0, 0),
(132, '/api/v1/api.php/calendar/ChangeServiceColor', 0, 0),
(133, '/api/v1/api.php/companies/ChangeActiveState', 0, 0),
(134, '/api/v1/api.php/calendar/AddHoliday', 0, 0),
(135, '/api/v1/api.php/calendar/GetHospitals', 0, 0),
(136, '/api/v1/api.php/calendar/Addworkday', 0, 0),
(137, '/api/v1/api.php/calendar/GetHolidayInfo', 0, 0),
(138, '/api/v1/api.php/calendar/GetWorktimeInfo', 0, 0),
(139, '/api/v1/api.php/calendar/DeleteWorkday', 0, 0),
(140, '/api/v1/api.php/calendar/DeleteHoliday', 0, 0),
(141, '/api/v1/api.php/calendar/OpenCalendar', 0, 0),
(142, '/api/v1/api.php/companies/UpdateLogo', 0, 0),
(144, '/api/v1/api.php/statistics/DoctorIncome', 0, 0),
(145, '/api/v1/api.php/doctors/GetServices', 0, 0),
(146, '/api/v1/api.php/data/admin/doctors', 0, 0),
(147, '/api/v1/api.php/data/admin/hospitals', 0, 0);

-- --------------------------------------------------------

--
-- Tábla szerkezet ehhez a táblához `company`
--

CREATE TABLE `company` (
  `id` int(11) NOT NULL,
  `name` varchar(65) NOT NULL,
  `company_register_number` varchar(12) NOT NULL,
  `tax_number` varchar(13) NOT NULL,
  `director_name` varchar(65) NOT NULL,
  `email` varchar(100) NOT NULL,
  `address` varchar(255) NOT NULL,
  `active` tinyint(1) NOT NULL DEFAULT 1,
  `deleted` tinyint(1) NOT NULL DEFAULT 0
) ENGINE=InnoDB DEFAULT CHARSET=utf8mb4 COLLATE=utf8mb4_general_ci;

--
-- A tábla adatainak kiíratása `company`
--

INSERT INTO `company` (`id`, `name`, `company_register_number`, `tax_number`, `director_name`, `email`, `address`, `active`, `deleted`) VALUES
(9, 'Medicover Zrt.', '01-10-042382', '10895986-2-41', 'Grossmann Péter', 'cckapcsolat@medicare-group.hu', '1134 Budapest, Váci út 29-31', 1, 0),
(10, 'Tritonlife holding Zrt.', '01-10-141538', '27430668-2-41', 'Dr. Fábián Lajos', 'ccinfo@tritonlife.hu', '1134 Budapest, Róbert Károly körút  64-66', 1, 0),
(11, 'Emineo Kft.', '01-09-916628', '14718456-2-43', 'Dr. Börzsei-Knoll Veronika', 'ccemineo@emineo.hu', '1016 Budapest, Hegyalja út 7', 1, 0),
(12, 'Dr. Rose Magánkórház Kft.', '01-09-332054', '22964968-2-41', 'Dr. Papik Kornél', 'ccinfo@drrose.hu', '1051 Budapest, Széchenyi tér 7-8', 1, 0);

-- --------------------------------------------------------

--
-- Tábla szerkezet ehhez a táblához `company_phonenumber`
--

CREATE TABLE `company_phonenumber` (
  `company_id` int(11) NOT NULL,
  `phonenumber_id` int(11) NOT NULL
) ENGINE=InnoDB DEFAULT CHARSET=utf8mb4 COLLATE=utf8mb4_general_ci;

--
-- A tábla adatainak kiíratása `company_phonenumber`
--

INSERT INTO `company_phonenumber` (`company_id`, `phonenumber_id`) VALUES
(9, 1),
(10, 2),
(11, 3),
(12, 4);

-- --------------------------------------------------------

--
-- Tábla szerkezet ehhez a táblához `company_service`
--

CREATE TABLE `company_service` (
  `company_id` int(11) NOT NULL,
  `service_id` int(11) NOT NULL,
  `price` int(11) NOT NULL,
  `duration` int(11) NOT NULL,
  `description` text NOT NULL,
  `deleted` tinyint(1) DEFAULT 0
) ENGINE=InnoDB DEFAULT CHARSET=utf8mb4 COLLATE=utf8mb4_general_ci;

--
-- A tábla adatainak kiíratása `company_service`
--

INSERT INTO `company_service` (`company_id`, `service_id`, `price`, `duration`, `description`, `deleted`) VALUES
(9, 1, 15000, 20, 'Az ágyéki vagy lumbális (lumbosacralis) gerincszakasz MR vizsgálatával meghatározhatóak a gerincoszlop elváltozásai, a porckorong betegségei, a csontvelő és a csigolya környéki eltérések. Segítségével ellenőrizhetők a műtétek utáni hegek. MR vizsgálatot a lumbális szakaszon leggyakrabban porckorongsérv (discus hernia) és fejlődési rendellenességek gyanúja esetén végezzük.', 0),
(9, 2, 25000, 40, 'Ezzel a CT vizsgálattal a belső fül finom csontszerkezetét és a hallójáratokat látja a szakember. Krónikus gyulladások esetén, a hallócsontokat is ellenőrizhetjük vele, valamint a légtartóssági viszonyok vizsgálatára is alkalmas. A CT, azaz komputertomográfia egy speciális röntgen vizsgálat, mely a röntgensugarakat felhasználva készít anatómiailag pontos felvételeket az emberi testről és a belső szervekről.', 0),
(9, 3, 50000, 60, 'Akár már enyhe tünetek is komoly betegséget jelezhetnek. Ha időben orvoshoz fordulunk, a szakszerű segítség és a korai diagnosztika súlyos következményektől menthet meg.  Enyhe mellkasi vagy hasi fájdalom, felső légúti tünetek, láz, felfázás, deréktáji panaszok, vagy akár háztartási balesetek esetén is forduljon hozzánk! Orvosaink, szakképzett asszisztencia, sürgős labor-, röntgen- és CT-vizsgálatok várakozás nélkül rendelkezésre állnak. Gyógyszertárunk is elérhető a rendelési idő alatt.', 0),
(9, 4, 85000, 120, 'Lehetőség szerint a 12. várandóssági hétig javasolt rá sort keríteni. Ez a vizsgálat szolgál a várandósgondozásba vétel alapjául, és ekkor történik a szülés várható időpontjának az elsődleges meghatározása is, melynek része a méhen belüli várandósság igazolása bimanuális vizsgálattal, hüvelyi ultrahangos vizsgálattal, esetleg laboratóriumi várandóssági próbával, valamint kolposzkópia, amennyiben esedékes cytologiai mintavétel, emlők vizsgálata, testsúly, testmagasságmérés, tanácsadás.', 0),
(9, 5, 50000, 40, ' A nyugalmi EKG vizsgálat semmiféle előkészületet nem igényel a páciens részéről, vizsgálat közben a páciens hanyatt fekszik, a törzsére és a végtagjaira elektródákat helyeznek. A vizsgálat a szívműködést kísérő elektromos tevékenységről, annak változásairól ad képet. Az EKG-görbét egy monitoron jeleníti meg a készülék, melyet papírszalagra rajzolt görbék formájában is kinyomtat. A vizsgálat közben nem lehet sem mozogni, sem beszélni, végig nyugodt pozícióban kell maradni.', 0),
(10, 6, 65000, 30, 'Az urológiai szakorvosi vizsgálat során lehetőség van a vese, húgyhólyag, húgycső és húgyvezeték fejlődési rendellenességeinek, daganatainak, köveinek, gyulladásos megbetegedéseinek kivizsgálására, valamint a férfi nemi szervek, prosztata, ondóhólyag, hímvessző, here daganatainak, a prosztata jóindulatú megnagyobbodásának, a férfi nemi szervek működésének, gyulladásos megbetegedéseinek kivizsgálására és kezelésére. Urológusaink rendelkezésre állunk vizelettartási, ürítési zavarok, férfi klimax, merevedési zavar, korai magömlés kivizsgálására és kezelésére is.', 0),
(10, 7, 80000, 60, 'Az emésztőszervi problémák súlyossága sokszor nem áll arányban a panaszok súlyosságával: enyhe panasz vagy tünet hátterében állhat akár súlyos betegség, illetve fordítva, sokszor komoly vagy riadalmat keltő panaszokat enyhe elváltozások okoznak. Ezért fontos, hogy ismételt panaszok esetén szakorvoshoz forduljunk, aki megfelelően tudja értékelni a panaszokat és tüneteket, és elvégzi a szükséges kivizsgálást.', 0),
(10, 8, 180000, 180, 'A krónikus migrén, a szem körüli vagy a nyakizmok akaratlan és ismétlődő izomösszehúzódása botulinum toxin injekcióval eredményesen kezelhető. Bár a botox-kezelésről sokaknak a ránctalanság jut eszébe elsőre, korántsen csupán sztár-hóbort vagy szépészeti eljárás. A botox-kezelés csökkentheti a fejfájások, tikkelések, izomrángások mértékét és gyakoriságát, sokszor teljesen megszüntetve a problémát.', 0),
(10, 9, 99000, 60, 'Szívünk mesterien kivitelezett pumpa, melyet apró elektromos automatika tart működésben. Az impulzusokat a pitvar falában található szinusz csomó hozza létre. A komplex kardiológiai kivizsgálás azt hivatott feltérképezni, hogy van-e bármilyen eltérés vagy meghibásodás a szív működésében, a pontos diagnózist így célzott kezelés követheti.', 0),
(11, 10, 10000, 60, 'Az egyik leggyakoribb mozgásszervi panasz, amellyel reumatológushoz, ortopéd szakorvoshoz, vagy gerincgyógyászhoz (újabban alternatív medicinákhoz) fordulnak hazánkban a derékfájdalom, illetve a nyaki vagy háti panaszok, időnként végtagfájdalommal párosulva. A magyar lakosság majdnem 80 százaléka szenved életében legalább egyszer valamilyen gerinctáji fájdalomtól. Ezeken a tüneteken túl a gerincoszlop egyéb kóros elváltozásai, komplex mozgásszervi eltérések, deformitások, korrekciók és a végtagi fájdalomszindrómák is a gerincgyógyász ellátási köréhez tartozhatnak.', 0),
(11, 11, 25000, 60, 'A proktológia az általános sebészet speciális szakterülete, mely a végbél betegségeinek vizsgálatával és kezelésével foglalkozik. A proktológus vizsgálja az aranyérbetegséget (külső, belső, illetve trombotizált aranyeres csomókat), a végbélnyílás környékének gyulladásos folyamatait (tályogok, sipolyok), jóindulatú daganatait (polipok), a végbél alsó szakaszának és az ánusznyílásnak a különböző egyéb elváltozásait (végbélrepedés, krónikus fájdalom, viszketés).', 0),
(12, 12, 1850000, 240, 'Akár a kor, a várandósság vagy a testsúlyingadozás hagy nyomot a testen, az esztétikus látvány testplasztika segítségével újra megteremthető. Plasztikai sebészeink a legkorszerűbb eljárásokkal és végleges alakformáló technikákkal gondoskodnak az ideális testkép eléréséről. Hasplasztikai, combplasztikai és vádliplasztikai, illetve további területeket érintő beavatkozásokat is végzünk. Természetesen, ha kifejezetten zsírleszívásra van szüksége, abban is készséggel állunk a rendelkezésére.', 0),
(12, 13, 2450000, 240, 'Az arcplasztikai beavatkozások azok számára lehet ideális választás, akik fiatalabb megjelenésre és feszesebb arcvonásokra vágynak. Sajnos az öregedés jelei egy idő után már semmilyen arcápoló készítménnyel vagy esztétikai beavatkozással nem javíthatók jelentősen, ezért ilyenkor a plasztikai sebészet nyújthat hosszú távon is valóban látványos eredményt. Szakorvosainkkal kizárólag a legmodernebb sebészeti eljárásokkal dolgozunk. Magánkórházunkban az arcfelvarráson kívül szemhéj- és orrplasztikai, továbbá fül- és nyakplasztikai beavatkozások is elérhetők. Érdemes kiemelni a saját zsírral való feltöltést is, amely természetes módon, mesterséges hatóanyagok nélkül segít elérni a fiatalos arcvonásokat. Jelentkezzen konzultációra, és tudjon meg többet a beavatkozásokról!', 0);

-- --------------------------------------------------------

--
-- Tábla szerkezet ehhez a táblához `doctors`
--

CREATE TABLE `doctors` (
  `user_id` int(11) NOT NULL,
  `slug` varchar(30) DEFAULT NULL,
  `birthdate` date DEFAULT NULL,
  `birthdate_visible` tinyint(1) NOT NULL DEFAULT 0,
  `introduction` text DEFAULT NULL
) ENGINE=InnoDB DEFAULT CHARSET=utf8mb4 COLLATE=utf8mb4_general_ci;

--
-- A tábla adatainak kiíratása `doctors`
--

INSERT INTO `doctors` (`user_id`, `slug`, `birthdate`, `birthdate_visible`, `introduction`) VALUES
(2, 'dr-teszt-elek', '1980-06-06', 0, 'Dr. Teszt Elek nagy tapasztalattal és elhivatottsággal végzi orvosi munkáját, mindig a páciens egészségét és jólétét helyezve a középpontba. Fontos számára a személyre szabott figyelem, a pontos diagnózis és a közvetlen, bizalmon alapuló orvos–beteg kapcsolat. Célja, hogy páciensei minden helyzetben biztonságban, megértve és támogatva érezzék magukat.');

-- --------------------------------------------------------

--
-- Tábla szerkezet ehhez a táblához `doctor_company`
--

CREATE TABLE `doctor_company` (
  `user_id` int(11) NOT NULL,
  `company_id` int(11) NOT NULL
) ENGINE=InnoDB DEFAULT CHARSET=utf8mb4 COLLATE=utf8mb4_general_ci;

--
-- A tábla adatainak kiíratása `doctor_company`
--

INSERT INTO `doctor_company` (`user_id`, `company_id`) VALUES
(2, 9);

-- --------------------------------------------------------

--
-- Tábla szerkezet ehhez a táblához `doctor_education`
--

CREATE TABLE `doctor_education` (
  `user_id` int(11) NOT NULL,
  `education_id` int(11) NOT NULL
) ENGINE=InnoDB DEFAULT CHARSET=utf8mb4 COLLATE=utf8mb4_general_ci;

--
-- A tábla adatainak kiíratása `doctor_education`
--

INSERT INTO `doctor_education` (`user_id`, `education_id`) VALUES
(2, 2);

-- --------------------------------------------------------

--
-- Tábla szerkezet ehhez a táblához `doctor_hospital`
--

CREATE TABLE `doctor_hospital` (
  `user_id` int(11) NOT NULL,
  `hospital_id` int(11) NOT NULL
) ENGINE=InnoDB DEFAULT CHARSET=utf8mb4 COLLATE=utf8mb4_general_ci;

--
-- A tábla adatainak kiíratása `doctor_hospital`
--

INSERT INTO `doctor_hospital` (`user_id`, `hospital_id`) VALUES
(2, 1),
(2, 3);

-- --------------------------------------------------------

--
-- Tábla szerkezet ehhez a táblához `doctor_language`
--

CREATE TABLE `doctor_language` (
  `user_id` int(11) NOT NULL,
  `language_id` int(11) NOT NULL
) ENGINE=InnoDB DEFAULT CHARSET=utf8mb4 COLLATE=utf8mb4_general_ci;

--
-- A tábla adatainak kiíratása `doctor_language`
--

INSERT INTO `doctor_language` (`user_id`, `language_id`) VALUES
(2, 1),
(2, 2);

-- --------------------------------------------------------

--
-- Tábla szerkezet ehhez a táblához `doctor_phonenumber`
--

CREATE TABLE `doctor_phonenumber` (
  `user_id` int(11) NOT NULL,
  `phonenumber_id` int(11) NOT NULL
) ENGINE=InnoDB DEFAULT CHARSET=utf8mb4 COLLATE=utf8mb4_general_ci;

--
-- A tábla adatainak kiíratása `doctor_phonenumber`
--

INSERT INTO `doctor_phonenumber` (`user_id`, `phonenumber_id`) VALUES
(2, 6);

-- --------------------------------------------------------

--
-- Tábla szerkezet ehhez a táblához `doctor_service`
--

CREATE TABLE `doctor_service` (
  `user_id` int(11) NOT NULL,
  `service_id` int(11) NOT NULL,
  `color` varchar(9) DEFAULT NULL
) ENGINE=InnoDB DEFAULT CHARSET=utf8mb4 COLLATE=utf8mb4_general_ci;

--
-- A tábla adatainak kiíratása `doctor_service`
--

INSERT INTO `doctor_service` (`user_id`, `service_id`, `color`) VALUES
(2, 1, '#D32F2F'),
(2, 5, '#1976D2');

-- --------------------------------------------------------

--
-- Tábla szerkezet ehhez a táblához `educations`
--

CREATE TABLE `educations` (
  `id` int(11) NOT NULL,
  `name` varchar(100) NOT NULL
) ENGINE=InnoDB DEFAULT CHARSET=utf8mb4 COLLATE=utf8mb4_general_ci;

--
-- A tábla adatainak kiíratása `educations`
--

INSERT INTO `educations` (`id`, `name`) VALUES
(2, 'Semmelweis Orvostudományi Egyetem Általános Orvostudományi Kar Általános Orvos Szak'),
(3, 'Debreceni Egyetem Általános Orvostudományi Kar Általános Orvos Szak'),
(4, 'Pécsi Tudományegyetem Általános Orvostudományi Kar Általános Orvos Szak'),
(5, 'Szegedi Tudományegyetem Szent-Györgyi Albert Orvostudományi Kar Általános Orvos mesterképzési szak');

-- --------------------------------------------------------

--
-- Tábla szerkezet ehhez a táblához `endpoints`
--

CREATE TABLE `endpoints` (
  `id` int(11) NOT NULL,
  `endpoint` varchar(100) NOT NULL,
  `parent_id` int(11) DEFAULT 0,
  `position` int(11) NOT NULL,
  `name` varchar(100) NOT NULL,
  `description` text NOT NULL,
  `controller` varchar(30) NOT NULL,
  `dynamic_source` varchar(20) DEFAULT NULL,
  `menu_item` tinyint(1) NOT NULL DEFAULT 1,
  `active` tinyint(1) NOT NULL DEFAULT 1,
  `deleted` tinyint(1) NOT NULL DEFAULT 0
) ENGINE=InnoDB DEFAULT CHARSET=utf8mb4 COLLATE=utf8mb4_general_ci;

--
-- A tábla adatainak kiíratása `endpoints`
--

INSERT INTO `endpoints` (`id`, `endpoint`, `parent_id`, `position`, `name`, `description`, `controller`, `dynamic_source`, `menu_item`, `active`, `deleted`) VALUES
(1, 'szolgaltatasok', NULL, 0, 'Szolgáltatások', 'A CareCompass magánegészségügyi gyűjtőrendszerében elérhető szolgáltatások, kezelések és ellátások listája, amelyekre bármikor időpontot foglalhat.', 'services.php', NULL, 1, 1, 0),
(2, 'szolgaltatasok/:name', 1, 1, 'Adott szolgáltatás', 'A kiválasztott szolgáltatásra történő időpont foglalás lehetőségét biztosító felület. Számos lehetőséggel és gyors foglalási lépésekkel. ', 'service.php', 'services', 1, 1, 0),
(3, 'bejelentkezes', NULL, 0, 'Bejelentkezés', 'A CareCompass felhasználói felületének bejelentkező rendszere. Az egyes funkcionalitásokhoz elengedhetetlen azonosítást szolgálja', 'auth.php', NULL, 0, 1, 0),
(4, 'regisztracio', NULL, 0, 'Regisztráció', 'A CareCompass felhasználói felületének regisztrációs rendszere. Az egyes funkcionalitásokhoz elengedhetetlen azonosítást szolgálja', 'auth.php', NULL, 0, 1, 0),
(5, '/', NULL, 0, 'Főoldal', 'A CareCompass történetét és célját magába foglaló oldal, ahol felhasználóink véleményét is megosztjuk, valamint kiemelt partnereinket is megismerhetik.', 'landing.php', NULL, 0, 1, 0),
(6, 'kijelentkezes', NULL, 0, 'Kijelentkezés', '', 'logout.php', NULL, 0, 1, 0),
(7, 'orvosok', NULL, 2, 'Orvosaink', 'A CareCompass orvosainak listája. Itt jobban megismerheti egyes orvosaink szakterületeit és megtekintheti adatlapjait azon orvosoknak, akik szimpatikusak az Ön számára.', 'doctors.php', NULL, 1, 1, 0),
(8, 'partnerek', NULL, 1, 'Partnereink', 'A CareCompass partnereinek listája. Itt kedvére böngészhet az egyes kórházak között, valamint megtekintheti a kórházban dolgozó orvosok és elérhető szolgáltatások listáját.', 'partners.php', NULL, 1, 1, 0),
(9, 'profil', NULL, 0, 'Profil', 'Felhasználójának módosítására és adatainak megtekintésére szolgáló oldal. Ezen keresztül végezhet el módosításokat, mondhat le időpontokat és tekintheti meg részletes leírásukat.', 'profile.php', NULL, 0, 1, 0),
(10, 'korhazak/:name', 8, 0, 'Kórházak', 'A CareCompasshoz regisztrált kórház adatlapja ellátva minden fontos információval, melyről könnyen megismerheti azt. Megtekinthetőek az elérhető szolgáltatások és a kórházban dolgozó orvosok is.', 'hospital.php', NULL, 0, 1, 0),
(11, 'rolunk', NULL, 0, 'Rólunk', 'A CareCompass alkotóiról készült oldal, ahol megismerheti a 3 alapítót, célkitűzésüket és jövőbeni terveiket.', 'aboutus.php', NULL, 0, 1, 0),
(12, 'foglalasok/:id', NULL, 0, 'Foglalasok', 'Ezen az oldalon tekintheti meg a befoglalt időpontjának pontos részleteit, leírását és minden fontos információt ahhoz, hogy könnyen eligazodjon mikor és hova kell mennie, hogy ellássák.', 'reservation_details.php', NULL, 0, 1, 0),
(14, 'orvosok/:name', 7, 0, 'Orvos adatlapja', 'A CareCompass rendszerébe regisztrált orvos adatlapja. Megtekinthetőek a fontos információk, mint tanulmányok, szolgáltatások, bemutatkozás, nyelvismeret és további informáicók az orvossal kapcsolatban.', 'doctor.php', NULL, 0, 1, 0),
(15, 'kapcsolat', NULL, 0, 'Kapcsolat', 'A CareCompass alkotóival történő kapcsolatfelvételi űrlap, melyen keresztül üzenetet küldhet az oldal üzemeltetőinek.', 'contact.php', NULL, 0, 1, 0),
(16, 'email-megerositese', NULL, 0, 'Email megerősítése', 'Erősítse meg email címét a regisztráció befejezéséhez és biztosítsa hozzáférését minden funkcióhoz', 'confirm_email.php', NULL, 0, 1, 0),
(17, 'elfelejtett-jelszo', NULL, 0, 'Elfelejtett jelszó', 'Elfelejtett jelszó visszaállítása email cím segítségével', 'forgot_password.php', NULL, 0, 1, 0),
(18, 'naptar', NULL, 0, 'Naptár', 'Az orvos személyes naptára, ahol megtekintheti és befejezheti kezeléseit.', 'calendar.php', NULL, 0, 1, 0),
(19, 'meghivo', NULL, 0, 'Meghívó elfogadása', 'Adminisztratív felhasználónak küldött meghívók elfogadására szolgáló weboldal', 'admin_registration.php', NULL, 0, 1, 0);

-- --------------------------------------------------------

--
-- Tábla szerkezet ehhez a táblához `genders`
--

CREATE TABLE `genders` (
  `id` int(11) NOT NULL,
  `gender_name` varchar(50) NOT NULL
) ENGINE=InnoDB DEFAULT CHARSET=utf8mb4 COLLATE=utf8mb4_general_ci;

--
-- A tábla adatainak kiíratása `genders`
--

INSERT INTO `genders` (`id`, `gender_name`) VALUES
(1, 'Férfi'),
(2, 'Nő');

-- --------------------------------------------------------

--
-- Tábla szerkezet ehhez a táblához `holidays`
--

CREATE TABLE `holidays` (
  `id` int(11) NOT NULL,
  `doctor_id` int(11) NOT NULL,
  `start_date` date NOT NULL,
  `end_date` date NOT NULL,
  `note` text NOT NULL,
  `deleted` tinyint(1) NOT NULL DEFAULT 0
) ENGINE=InnoDB DEFAULT CHARSET=utf8mb4 COLLATE=utf8mb4_general_ci;

-- --------------------------------------------------------

--
-- Tábla szerkezet ehhez a táblához `hospitals`
--

CREATE TABLE `hospitals` (
  `id` int(11) NOT NULL,
  `company_id` int(11) NOT NULL,
  `name` varchar(65) NOT NULL,
  `address` varchar(255) NOT NULL,
  `open_hours` longtext DEFAULT NULL,
  `description` text DEFAULT NULL,
  `email` varchar(100) NOT NULL,
  `slug` varchar(50) NOT NULL,
  `active` tinyint(1) NOT NULL DEFAULT 1,
  `deleted` tinyint(1) NOT NULL DEFAULT 0
) ENGINE=InnoDB DEFAULT CHARSET=utf8mb4 COLLATE=utf8mb4_general_ci;

--
-- A tábla adatainak kiíratása `hospitals`
--

INSERT INTO `hospitals` (`id`, `company_id`, `name`, `address`, `open_hours`, `description`, `email`, `slug`, `active`, `deleted`) VALUES
(1, 9, 'Medicare Kórház és Diagnosztikai Központ ', '1134 Budapest, Váci út 29', '{\"0\":[\"7:00\",\"20:00\"],\"1\":[\"7:00\",\"20:00\"],\"2\":[\"7:00\",\"20:00\"],\"3\":[\"7:00\",\"20:00\"],\"4\":[\"7:00\",\"20:00\"]}', 'A Medicare Kórház és Diagnosztikai Központ célja, hogy korszerű, megbízható és emberközpontú egészségügyi ellátást nyújtson minden páciens számára. Magasan képzett szakembereinkkel és modern diagnosztikai eszközeinkkel törekszünk a gyors és pontos ellátásra, legyen szó megelőzésről, vizsgálatról vagy gyógyításról. Fontos számunkra a bizalom, az odafigyelés és a szakmai kiválóság, mert hisszük, hogy az egészség a legnagyobb érték.', 'cckapcsolat@medicare-group.hu', 'medicare-korhaz-es-diagnosztikai-kozpont-', 1, 0),
(2, 9, 'Medicare Ügyeleti Centrum (Urgent Care Center)', '1134 Budapest, Váci út 29', '{\"0\":[\"8:00\",\"20:00\"],\"1\":[\"8:00\",\"20:00\"],\"2\":[\"8:00\",\"20:00\"],\"3\":[\"8:00\",\"20:00\"],\"4\":[\"8:00\",\"20:00\"],\"5\":[\"8:00\",\"20:00\"]}', 'Ügyeleti Centrumunk a nap 24 órájában elérhető, hogy gyors, biztonságos és szakszerű ellátást nyújtson sürgős egészségügyi problémák esetén. Tapasztalt orvosaink és felkészült csapatunk minden helyzetben készen áll segíteni, hogy Ön mielőbb megfelelő kezelést kapjon.', 'cckapcsolat@medicare-group.hu', 'medicare-Ugyeleti-centrum-(urgent-care-center)', 1, 0),
(3, 9, 'Medicare Szülészet', '1134 Budapest, Váci út 29', '{\"0\":[\"0:00\",\"24:00\"],\"1\":[\"0:00\",\"24:00\"],\"2\":[\"0:00\",\"24:00\"],\"3\":[\"0:00\",\"24:00\"],\"4\":[\"0:00\",\"24:00\"],\"5\":[\"0:00\",\"24:00\"],\"6\":[\"0:00\",\"24:00\"]}', 'Szülészetünkön a biztonságos, meghitt és gondoskodó környezet megteremtésére törekszünk, ahol az édesanyák és újszülöttek a lehető legnagyobb figyelmet és szakértelmet kapják. Tapasztalt orvosi és szülésznői csapatunk minden pillanatban Önök mellett áll, hogy ez az életre szóló élmény nyugodt és örömteli legyen.', 'cckapcsolat@medicare-group.hu', 'medicare-szuleszet', 1, 0),
(4, 10, 'TritonLife Róbert Magánkórház', '1135 Budapest, Lehel utca 59', '{\"0\":[\"0:00\",\"24:00\"],\"1\":[\"0:00\",\"24:00\"],\"2\":[\"0:00\",\"24:00\"],\"3\":[\"0:00\",\"24:00\"],\"4\":[\"0:00\",\"24:00\"],\"5\":[\"0:00\",\"24:00\"],\"6\":[\"0:00\",\"24:00\"]}', 'A TritonLife Róbert Magánkórház szülészetén elkötelezetten dolgozunk azért, hogy a szülés élménye biztonságos, nyugodt és örömteli legyen. Tapasztalt szakembereink személyre szabott figyelemmel kísérik végig a várandósság és a szülés minden pillanatát, modern környezetben, családközpontú szemlélettel. Hisszük, hogy az új élet érkezése méltó törődést érdemel.', 'ccinfo@robertkorhaz.hu', 'tritonlife-robert-magankorhaz', 1, 0),
(5, 10, 'TritonLife Medical Center Hegyalja', '1112 Budapest, Hegyalja út 100', '{\"0\":[\"8:00\",\"20:00\"],\"1\":[\"8:00\",\"20:00\"],\"2\":[\"8:00\",\"20:00\"],\"3\":[\"8:00\",\"20:00\"],\"4\":[\"8:00\",\"20:00\"],\"5\":[\"8:00\",\"12:00\"],\"6\":[\"8:00\",\"12:00\"]}', 'A TritonLife Medical Center Hegyalja a magas szintű magánegészségügyi ellátást ötvözi a gyors hozzáféréssel és személyre szabott figyelemmel. Modern környezetben, tapasztalt szakorvosokkal várjuk pácienseinket, legyen szó megelőzésről, diagnosztikáról vagy kezelésről. Célunk, hogy mindenki biztonságban, meghallgatva és megbecsülve érezze magát.', 'ccinfo@robertkorhaz.hu', 'tritonlife-medical-center-hegyalja', 1, 0),
(6, 11, 'Emineo Magánkórház', '1016 Budapest, Hegyalja út 7', '{\"0\":[\"8:00\",\"20:00\"],\"1\":[\"8:00\",\"20:00\"],\"2\":[\"8:00\",\"20:00\"],\"3\":[\"8:00\",\"20:00\"],\"4\":[\"8:00\",\"20:00\"]}', 'Az Emineo Magánkórház elkötelezett a magas színvonalú, betegközpontú ellátás mellett. Szakorvosaink modern környezetben, korszerű eszközökkel és empatikus hozzáállással biztosítják a gyors diagnózist és a hatékony kezelést. Célunk, hogy pácienseink bizalommal fordulhassanak hozzánk minden élethelyzetben.', 'ccemineo@emineo.hu', 'emineo-magankorhaz', 1, 0),
(7, 12, 'Dr. Rose Magánkórház', '1051 Budapest, Széchenyi tér 7', '{\"0\":[\"8:00\",\"20:00\"],\"1\":[\"8:00\",\"20:00\"],\"2\":[\"8:00\",\"20:00\"],\"3\":[\"8:00\",\"20:00\"],\"4\":[\"8:00\",\"20:00\"]}', 'A Dr. Rose Magánkórház a prémium egészségügyi ellátás szinonimája, ahol a kiváló szakértelem, a diszkréció és a személyre szabott figyelem találkozik. Magasan képzett orvosaink és modern környezetünk garantálják, hogy pácienseink minden szempontból biztonságban és megbecsülve érezzék magukat – a megelőzéstől a gyógyításig.', 'ccinfo@drrose.hu', 'dr.-rose-magankorhaz', 1, 0);

-- --------------------------------------------------------

--
-- Tábla szerkezet ehhez a táblához `hospital_phonenumber`
--

CREATE TABLE `hospital_phonenumber` (
  `hospital_id` int(11) NOT NULL,
  `phonenumber_id` int(11) NOT NULL
) ENGINE=InnoDB DEFAULT CHARSET=utf8mb4 COLLATE=utf8mb4_general_ci;

--
-- A tábla adatainak kiíratása `hospital_phonenumber`
--

INSERT INTO `hospital_phonenumber` (`hospital_id`, `phonenumber_id`) VALUES
(1, 5),
(2, 5);

-- --------------------------------------------------------

--
-- Tábla szerkezet ehhez a táblához `hospital_service`
--

CREATE TABLE `hospital_service` (
  `hospital_id` int(11) NOT NULL,
  `service_id` int(11) NOT NULL,
  `description` text NOT NULL,
  `price` int(11) NOT NULL,
  `duration` int(11) NOT NULL,
  `active` tinyint(1) NOT NULL DEFAULT 1
) ENGINE=InnoDB DEFAULT CHARSET=utf8mb4 COLLATE=utf8mb4_general_ci;

--
-- A tábla adatainak kiíratása `hospital_service`
--

INSERT INTO `hospital_service` (`hospital_id`, `service_id`, `description`, `price`, `duration`, `active`) VALUES
(1, 1, 'Az ágyéki vagy lumbális (lumbosacralis) gerincszakasz MR vizsgálatával meghatározhatóak a gerincoszlop elváltozásai, a porckorong betegségei, a csontvelő és a csigolya környéki eltérések. Segítségével ellenőrizhetők a műtétek utáni hegek. MR vizsgálatot a lumbális szakaszon leggyakrabban porckorongsérv (discus hernia) és fejlődési rendellenességek gyanúja esetén végezzük.', 15000, 20, 1),
(2, 3, 'Akár már enyhe tünetek is komoly betegséget jelezhetnek. Ha időben orvoshoz fordulunk, a szakszerű segítség és a korai diagnosztika súlyos következményektől menthet meg.  Enyhe mellkasi vagy hasi fájdalom, felső légúti tünetek, láz, felfázás, deréktáji panaszok, vagy akár háztartási balesetek esetén is forduljon hozzánk! Orvosaink, szakképzett asszisztencia, sürgős labor-, röntgen- és CT-vizsgálatok várakozás nélkül rendelkezésre állnak. Gyógyszertárunk is elérhető a rendelési idő alatt.', 50000, 60, 1),
(3, 4, 'Lehetőség szerint a 12. várandóssági hétig javasolt rá sort keríteni. Ez a vizsgálat szolgál a várandósgondozásba vétel alapjául, és ekkor történik a szülés várható időpontjának az elsődleges meghatározása is, melynek része a méhen belüli várandósság igazolása bimanuális vizsgálattal, hüvelyi ultrahangos vizsgálattal, esetleg laboratóriumi várandóssági próbával, valamint kolposzkópia, amennyiben esedékes cytologiai mintavétel, emlők vizsgálata, testsúly, testmagasságmérés, tanácsadás.', 85000, 120, 1),
(3, 5, ' A nyugalmi EKG vizsgálat semmiféle előkészületet nem igényel a páciens részéről, vizsgálat közben a páciens hanyatt fekszik, a törzsére és a végtagjaira elektródákat helyeznek. A vizsgálat a szívműködést kísérő elektromos tevékenységről, annak változásairól ad képet. Az EKG-görbét egy monitoron jeleníti meg a készülék, melyet papírszalagra rajzolt görbék formájában is kinyomtat. A vizsgálat közben nem lehet sem mozogni, sem beszélni, végig nyugodt pozícióban kell maradni.', 50000, 40, 1),
(4, 6, 'Az urológiai szakorvosi vizsgálat során lehetőség van a vese, húgyhólyag, húgycső és húgyvezeték fejlődési rendellenességeinek, daganatainak, köveinek, gyulladásos megbetegedéseinek kivizsgálására, valamint a férfi nemi szervek, prosztata, ondóhólyag, hímvessző, here daganatainak, a prosztata jóindulatú megnagyobbodásának, a férfi nemi szervek működésének, gyulladásos megbetegedéseinek kivizsgálására és kezelésére. Urológusaink rendelkezésre állunk vizelettartási, ürítési zavarok, férfi klimax, merevedési zavar, korai magömlés kivizsgálására és kezelésére is.', 65000, 30, 1),
(4, 7, 'Az emésztőszervi problémák súlyossága sokszor nem áll arányban a panaszok súlyosságával: enyhe panasz vagy tünet hátterében állhat akár súlyos betegség, illetve fordítva, sokszor komoly vagy riadalmat keltő panaszokat enyhe elváltozások okoznak. Ezért fontos, hogy ismételt panaszok esetén szakorvoshoz forduljunk, aki megfelelően tudja értékelni a panaszokat és tüneteket, és elvégzi a szükséges kivizsgálást.', 80000, 60, 1),
(5, 8, 'A krónikus migrén, a szem körüli vagy a nyakizmok akaratlan és ismétlődő izomösszehúzódása botulinum toxin injekcióval eredményesen kezelhető. Bár a botox-kezelésről sokaknak a ránctalanság jut eszébe elsőre, korántsen csupán sztár-hóbort vagy szépészeti eljárás. A botox-kezelés csökkentheti a fejfájások, tikkelések, izomrángások mértékét és gyakoriságát, sokszor teljesen megszüntetve a problémát.', 180000, 180, 1),
(5, 9, 'Szívünk mesterien kivitelezett pumpa, melyet apró elektromos automatika tart működésben. Az impulzusokat a pitvar falában található szinusz csomó hozza létre. A komplex kardiológiai kivizsgálás azt hivatott feltérképezni, hogy van-e bármilyen eltérés vagy meghibásodás a szív működésében, a pontos diagnózist így célzott kezelés követheti.', 99000, 60, 1),
(6, 10, 'Az egyik leggyakoribb mozgásszervi panasz, amellyel reumatológushoz, ortopéd szakorvoshoz, vagy gerincgyógyászhoz (újabban alternatív medicinákhoz) fordulnak hazánkban a derékfájdalom, illetve a nyaki vagy háti panaszok, időnként végtagfájdalommal párosulva. A magyar lakosság majdnem 80 százaléka szenved életében legalább egyszer valamilyen gerinctáji fájdalomtól. Ezeken a tüneteken túl a gerincoszlop egyéb kóros elváltozásai, komplex mozgásszervi eltérések, deformitások, korrekciók és a végtagi fájdalomszindrómák is a gerincgyógyász ellátási köréhez tartozhatnak.', 10000, 60, 1),
(6, 11, 'A proktológia az általános sebészet speciális szakterülete, mely a végbél betegségeinek vizsgálatával és kezelésével foglalkozik. A proktológus vizsgálja az aranyérbetegséget (külső, belső, illetve trombotizált aranyeres csomókat), a végbélnyílás környékének gyulladásos folyamatait (tályogok, sipolyok), jóindulatú daganatait (polipok), a végbél alsó szakaszának és az ánusznyílásnak a különböző egyéb elváltozásait (végbélrepedés, krónikus fájdalom, viszketés).', 25000, 60, 1),
(7, 12, 'Akár a kor, a várandósság vagy a testsúlyingadozás hagy nyomot a testen, az esztétikus látvány testplasztika segítségével újra megteremthető. Plasztikai sebészeink a legkorszerűbb eljárásokkal és végleges alakformáló technikákkal gondoskodnak az ideális testkép eléréséről. Hasplasztikai, combplasztikai és vádliplasztikai, illetve további területeket érintő beavatkozásokat is végzünk. Természetesen, ha kifejezetten zsírleszívásra van szüksége, abban is készséggel állunk a rendelkezésére.', 1850000, 240, 1),
(7, 13, 'Az arcplasztikai beavatkozások azok számára lehet ideális választás, akik fiatalabb megjelenésre és feszesebb arcvonásokra vágynak. Sajnos az öregedés jelei egy idő után már semmilyen arcápoló készítménnyel vagy esztétikai beavatkozással nem javíthatók jelentősen, ezért ilyenkor a plasztikai sebészet nyújthat hosszú távon is valóban látványos eredményt. Szakorvosainkkal kizárólag a legmodernebb sebészeti eljárásokkal dolgozunk. Magánkórházunkban az arcfelvarráson kívül szemhéj- és orrplasztikai, továbbá fül- és nyakplasztikai beavatkozások is elérhetők. Érdemes kiemelni a saját zsírral való feltöltést is, amely természetes módon, mesterséges hatóanyagok nélkül segít elérni a fiatalos arcvonásokat. Jelentkezzen konzultációra, és tudjon meg többet a beavatkozásokról!', 2450000, 240, 1);

-- --------------------------------------------------------

--
-- Tábla szerkezet ehhez a táblához `images`
--

CREATE TABLE `images` (
  `id` int(11) NOT NULL,
  `image` longtext NOT NULL,
  `type` varchar(50) NOT NULL,
  `owner_type` varchar(30) NOT NULL,
  `owner_id` int(11) NOT NULL,
  `visible` tinyint(1) NOT NULL DEFAULT 1,
  `position` int(11) NOT NULL DEFAULT 0,
  `title` varchar(255) NOT NULL,
  `alt` varchar(255) NOT NULL,
  `deleted` tinyint(1) NOT NULL DEFAULT 0
) ENGINE=InnoDB DEFAULT CHARSET=utf8mb4 COLLATE=utf8mb4_general_ci;

--
-- A tábla adatainak kiíratása `images`
--

INSERT INTO `images` (`id`, `image`, `type`, `owner_type`, `owner_id`, `visible`, `position`, `title`, `alt`, `deleted`) VALUES
(1, 'data:image/jpeg;base64,/9j/4AAQSkZJRgABAQEAYABgAAD/2wBDAAgGBgcGBQgHBwcJCQgKDBQNDAsLDBkSEw8UHRofHh0aHBwgJC4nICIsIxwcKDcpLDAxNDQ0Hyc5PTgyPC4zNDL/2wBDAQkJCQwLDBgNDRgyIRwhMjIyMjIyMjIyMjIyMjIyMjIyMjIyMjIyMjIyMjIyMjIyMjIyMjIyMjIyMjIyMjIyMjL/wAARCAJYAyADASIAAhEBAxEB/8QAHwAAAQUBAQEBAQEAAAAAAAAAAAECAwQFBgcICQoL/8QAtRAAAgEDAwIEAwUFBAQAAAF9AQIDAAQRBRIhMUEGE1FhByJxFDKBkaEII0KxwRVS0fAkM2JyggkKFhcYGRolJicoKSo0NTY3ODk6Q0RFRkdISUpTVFVWV1hZWmNkZWZnaGlqc3R1dnd4eXqDhIWGh4iJipKTlJWWl5iZmqKjpKWmp6ipqrKztLW2t7i5usLDxMXGx8jJytLT1NXW19jZ2uHi4+Tl5ufo6erx8vP09fb3+Pn6/8QAHwEAAwEBAQEBAQEBAQAAAAAAAAECAwQFBgcICQoL/8QAtREAAgECBAQDBAcFBAQAAQJ3AAECAxEEBSExBhJBUQdhcRMiMoEIFEKRobHBCSMzUvAVYnLRChYkNOEl8RcYGRomJygpKjU2Nzg5OkNERUZHSElKU1RVVldYWVpjZGVmZ2hpanN0dXZ3eHl6goOEhYaHiImKkpOUlZaXmJmaoqOkpaanqKmqsrO0tba3uLm6wsPExcbHyMnK0tPU1dbX2Nna4uPk5ebn6Onq8vP09fb3+Pn6/9oADAMBAAIRAxEAPwBoFOxQKeK9M8oQCngUmKcBQAoFOAopaADFOxRS9qAExzTsUAU7FAwAp1IKdQAYpaKXFIBaUUUopAGKcBQKdQAmKWilxxQAUtFFABigClooAKXFApaBiYpaXFGKQxMUoFLS4oAbijFOxRigBKMUuKXFACUAUU4c0AJijFLRQAUUtFAxMUYpaXFACYopaKAExS4paKAExSYp1GKAG4pcU7FJSATFGKdRQA3FGKWjFACYopaDQA3FFLRQA3FFKeBk8UUwEooznpS0ANxRil7ZFHYUANxRTqSgQlJinYpKAG4oNOpKAG0mKdRigBuKSnUlADcUYpcUUxDaQinUUAR4pCKkpuKBEeKMU7FJQAwimkVIaYRQBGRSYp+KSmBGRSYp5pDQAzFMIqSkIpiIiKYRUpFNIoAjIpuKkIpCKAIsU0ipCKaRQBGRTSKkppoERGmkVKRTDQBbp4po6U8UDHCnCkFOFACinUgp1ACU6ilFACinUgp2KBgKWilApAAp1IKcKAAdaUUUopALTu1FLQAlLijFLQAlLRS0AJRRS0DClFJSigBaWiikMWlpBTqACilpKACiik5oGFKKKWgAoopaACigUtIBKWiloASilooAKKKWgBKKWigYlFLSUAFFFFABRS0lABikpc0ySRI0LSMEUDJJ7UADyKgyx6dBXOaz410/SsoriWb+6OgrJ8Q+Mrfa9tZncTwWFcdFE11NuIQ7jyWwa5qtdR0R1UcO56yNa7+JN474iUIO1Rx+N9Wl/wCWo/Kpk8PwyxBn8sKfQDNQTaFHZsGyGjPX2rjdeTe52LDxXQvQeLNY4yVYHtWrbeMbpeJod7DqOmK55Gjj27CNw7EdRUsrRyR/aIzyvJA7+1NV5rqDw9N9Ds7PxPa3Y4JVs8g1sx3CvyMEHvXmbPD5qOh2FuoFbum6nJbyi3lO7PK+9b08S72kc9TCK14Hads0VXtblZoyM/MB+dWO1dqd1c4WrOzCjFLRTENpKdSUCG0UUtADaSnGkoAbRS0UANopcUUxDcUmKfSUARkUhFPpMUCIyKaRTyKSgBmKaakphFADMUhFPxTTTAZikIp9NoAYRTSKkIppFAEWKQipCKaaYiI0008im4oAYRTCKlNMIoAjIppFSGmGgRbA4p2KYKkBoGOFOFIOlKKAHUopBTqAAU6kFOAoGKKdQBSikAopcUUtABQKWlFIApRS9qUCgBR0paTFLQMUUYoFLQAlFFLQAlLiiloATFLRQaQBS0lLQMcKWkFOFAC0UtFAxKTFOoxQAygUpooAKdSUlIB+KMU0U6gApaKBQAUUtFAxKWiigAoopaAExRilooATFGKWjtQAh6U3NKajdsAnOAOvvQAjSBAWZgoHUmvOfG3ikTE6fZzgLnEjAVc8YeJliQ2dq+ZD99gegrz+N4LifcY2ZieTXJXraWiddCjd3kSWdgk7ZeYgeuOtaawWtopDTHd2OaVGgSII0LqfVcVl38ajJR5AD2Y1xWuzv0SJ59YubN+WLRHo6npQuuyE+VK5aJxw2ehrFSXrE2TG3UVW2uuU7KeKrkRPOzVuruZGDq+WQ8n1Faen3uYJAegG6udeRniweoFWbOVkjxg8iiwczuaeo3BheHaeo/Srq6uPLjYN86cqfpWJeu00kYx90Yqsd+FGMYNFkF2el6ZrwynzYC85roNO12O7uTGDweRmvIob8xAj0P8ASp9P8RvBeqwBOD97PSuijUa0Zy1qSk7o90HNFY2garBqVmrxybmxyCea2f513J31OFq2glJTvrSUxDKWlNNoEBppp1JQA2ilooAKSnUhoAbSU402mISkNLRQIjNJUlNNADKQ06koAbTMVJikxQBHikxT8UhFMBmKjIqQ000wIzTD1qQ000CGEc0wipKaaAI8U0ipDTDQBGRTSKkPWmGgCwKeKaKcKAH04Ugpe9ADhTqaOlPAoABThSCnUAKKcKbThSGOpaQU6kAUuKB1paACnCkxThxQAtJ3paKBgKWkFLQAYopaKAAUtJS0hhRS0UAJilopcUAApwpMUooAdS0CikMKWiigBMZpMU6kNACUuKSloATFLS0mKAFoopaAEzS0lFAC0UUUDCloopAFFLRigBKKXFFADGrlPGeuNpWnhIGHnP2J6V1bDNedfEi2SOOK5Zjk8YqKjai7F00nJXPOry4aaRpJWJLHJ96ihuzGwEagLTJCDGX7VR8w7s1wWuejex2unahHMuyaJWFaVzo9teQbonCHHSuO02e4MihAxGem2vSdF0q8vY1JjYA+orGfum8FzI4o+HbgTHAJyeo6VpW3hOefLGMn8K9Rs/C6jaxUlvpXQ2ehRoBuUA/Ss/aNm/sorc8b/wCEEuNu7yzj6U3/AIQ25V/lQ4+le/rp0Cpt2549KrtpMAydn6U+aQuWB4vF4GmNr5hQlifSqc/g+aEZZMCvb/saIu0Lx9KzNT0zdAWQZOOlTztFezizwG90mWGQgr8p9KpJpUR5jb588q3UV3erWdxa7pWjyhbGcdK524iBYsF+YdxW8ZXRzThZlnw7qEumXKpsK84PuK9dgk863jkH8S5rxa0kknnSMD5g2Aa9g0tZF06ISfeC13YeTasediYpNFykpaSuo5RpopTSUAJSGnUhoEJSYpaKACg0UUANNNp5pppgNxRS0lAhMU0in0hoER4pMU+koAZSU40lACU00+mmgCMimEVKRTCKoCIimkVIaaetAiM0hFPNNNAEZppp5FIRQBERTSKeaQ0wJgKeBSCnCkIWlFApRQMUU9aZT1oAfgUUCloAKcM0gp4pAApwpKcKQwpRRSigBadSUUALS0gpaBhRRRQAtFFFIBaBS0UAFLSUtAwpRSU4UAFKKSlFADqWm5p1IYUUtFACUlOooAbRTsUmKAEBpaTFLQAUUYooAWiiloGJS0UUgCloooAKKKKACiiloAjavP8A4m27tpUcwOFVuc969BauL+JMIk8LuxJG1xipqfCy6fxI8baQPAVAxntWx4f8OPqFwu8EjNZlhD593GmO9eu+FLFI8EqOBXmzlyo9WjDmepraH4WsbRE/cIWxySM12tpaxRIAqqAOwFZdrw2AK14D0rjcrnfZLYtooU9KnXOcCoF5IqyoqkZtkwprDApVpHPFX0JV7lSQ9qqynINW3GarTL8pxWbZqjA1jSYb7T5Y9vIXI+teT3Niyf76HY4zXtMpAjY+3NeWeIIzFqsrIcLIaumzOqrq5zVmvlalEw/hfmvY4ObeIj7pHSvH0Gy5U+rjJr2KDHkR46bBivTw3U8jF7odSUtFdRxjTSU40lMBKSnUlAhMUlOpKAEopaSgBKQilpKAG0lOpKYhKbTjSUANNJinYoxQIZikIp+KaaAG000+mmgBhppp5pppgRNTcU8ikIpgRkU008000CGEU01IaYaAIzTDUhphFAFgU4U0U4UCHDGadimgU4UDHYpcUCloAAKcKSlxigB1OHSm04UhjhTqaOlOxSAWiiigB1LSUtAC9qKSndqBhRRRQAUtJSikAtFLRQAUUYooGLS0lLQAtLSUtACiikpaQxaKKKAFoooFAC0UUUDCjFFFIAopaSgAoopaYBRQKKQBRRS0AJiinUUAJSU6ikAwiuY8dQ+b4TvMDJXB/nXUGqOqWq3enTwOMh0NEtUNOzPBNBQHUFz0zXsOhlVBI7ivJtKj8rVJE7q5H616ZoUpYYHOK8msj2sOztbY8itiBOlY9irEAkZrYhfavPWuVI7Wy8kZ4qXBWo4ZQRzUpYeorRIxe45TkUEcVF5oA4NNa5Cg5pghj9aqzng8VP8AaY2PLAfWmSFJAQpGahxNEzKdshvTFeYeJm2ajIpHQ5Fen3CmN8HgGvPPHNjjF0nHY4p09yaqvE4tnUX8ag8FhkV7RBj7NEB90IMV4UrN9qUnswya9ysmV7C3YHgoMV6mG6njYvoTUlOpK6zjEpKdSUANopaKYCUlLRQA2ilpKBDTRS0UAJSUtJQIbRS0lMBKaadTaACmmn0hFAhlIacaaaAGmmGnmmmmgIzTTTzTaYDDTTTyKaRQBH3ppp5FNIoERkU2pDTD1oAlFOFAFOxQAopwplSCgBwpaSnUAAp4poFKKQDsUoFFLSGLSikpaAHYzQKBS0AFLR2oFABThSUtAwxRSiigBKcKSlpALRRS0DCiiigApaSigB1LSCloAKKKKQxwpabS0ALRRRQAtFFHNABRRS0hhRSUtABiiiloAKKWigBtKKMUtABSUtFIAooooAQ0hAYhT0PWlxSdCD79KAPDZIBb+LNSj7LJx+ldrpF7Bp9ustwwUnoK5LVh5fjfUemCc5z7Cs+e8uLiTy0Y4XpmvPqxTZ6uHnZJnrE3jfTbSNctnI6Ci1+ImmyHb0+tePzwjaGmnAPpmqZlgiYOGc5PXmsPZqx0+1dz6RsNet7sBoZQQe2a0HvW8ssOgFeA6D4h+xTqQ7bSccmvdNDK3umqxOdy1lJNOxvFpq5lX3iEwIdjHcK881fxhqyXjmKZtueldJ4yiexl2RKct6DNed3UNxJKAQVLHgYpwFPY2LfxhqrSCRg5x14rUTxrfCdHJYDuCK4zGrWty8KWju38LBSwrbtp723mhj1KzG1gMlVrSUbamUJXdjvbDxcmobVkwGzineKYludGlAGcDdmsy20e3eETWx6nIX0rcuIXn0iWJx82wg/lWN1fQ2afKeMSjazHpgV7Xor+Zo1m3QeX3rzXR9H+36q0LKCqEls9+a7S68Qz2U9nZWtrm1zsMm3qfauyFf2crW3OOWE9vG97HSUlAzjnrSV6ad0eM1Z2A0lLRigQlFLRTAbSU6koEJTacaSgBKSlooAbRTsUmKBDaQ07FFMBlJinUUANxSEU6mk0ANNNpxppoEMppp9IaYEZFNqQ02mAw0w1IaYaAGGmmnmmGgQw0hFPxTSKAJFpwFNFPFABinLSYpRQA6nUlLQA4U6minikCFFLSYpwpDClopRQAlKOlFOoAKUUlA60AOoopRQMSloooAKWilFIBKWlxSEUDFpaTNLQAUUUUAKKcKbThQAUuKTpSikMMUtFFABS0UtACUZzRRSAUUUCigAooFLQMSilNJQAtLSUtABRRSikAUUtNoAXFFJRQAtVr53jsp3j/wBYqErVmobpN9tKv95CKHsNbng0bPNrlxKXLtIDnP1qdLd0iLBDuI9KtWdh5etSAjqx/nXcaXpKTRYdM5ry6k7I9qlSvJnnOm6I+ovI8zjA4wetasHgaBYt8l6MdlzXoK+CbeRgy7kJ7rV+DwVbRHdIS+P71Ze2fQ6Pq8ep5MPCbxmRkk3KvIr3XwZbNb6DbK/LbOtYOo6Xb2NtIwjGSpArp/DT50mMHqFqVLm3K5OW9iLUtMhvb0mRNxWub1LwyDdb7W3GR3YZrs9+25J61e2RyAErzU21LvY87gsdVh+RbFcdC3FXk8P3F66NdxoB6AV23kAD5e9Ai20ODYKa6GTBpVpaoBHEFIFVruFVzxgFSDW1MtZGokhMgcCp5bA9Tg9Hs1j1y4g3BBJJgt0wDXc3+iWyWtrtUMImyCK5yy01dROpOFJcMCmP7wFdNavK1hJDOCXj4ya0b1FTXVFJuZG7DNNpe9LXtxWiPmZ6yY2ilpKokKaaU0lABSUtFMBKSnU2gQUlLRQA2g0tJQISkpaSmAlJSmkNADSaSlpKAEppp2KDQIjxSGnmmEUAMpDT6aaYEZppqQ000wI8U0ipDTaBDMU0inmmmgBRThSU4CgB1LRS0AApwpop4oAUU4U0GnCkA8UtJRQMdS02lzSAdS02nA0AFA60UDrQA6l6UlLQMWiiigBRS0lFIB1FJRQMMUUtFABS0UUAFOptKKAHUtJRSGLS0lLQAZpQabSigBaSloxSASlopKAFpc0lFAx1BpM0tACUtGKKQBiiloxQAlJS0UAFFFFAC0YDYHrxSUo4IPfNMDy27iEGu56Aua9E0SOMwxkY5Fef60Gg1thIPuy5H5V1+k36pEqA9BXj1lqfQ4ZnaxBRg8CmzTKoO4gL6ms+O9zFnPasTVLiW5jk2uQFB6Viddi1rk8c1r+7G5c4OK1fC+Dp5x07VxWna9ZHTZLeWZfNU4IJ5rrvDOo2iWW1XXnsTTSsTK3Q1HP7zjrmpDcFCCxwKy7rWrC0kZpblEwcnJFZX/CSWuszC1sHaRSfmfHApW1KST3Oui1CNjt3fN6VYNwPxrlL62e1jE8L/OvvRYayt1HgthxwRT5miORHRyShlPNY+pyhbVuainvCiZDdKzNSvPNtvrzS3YpaIk8Du8k15g8eZzmunusRRSHbwTyT3riPBerxW895EVJ+fdmukur1rs4wQmcit6VJzlY5aldUoOVyr9aKXFGK9g8FiUUtJSEJSUtFNANop1NpgJSUtJigQUUYoxQAUlLSUCEpDS000wG0hpaSgBKKWigQlIaWg0ARkUhFPpp6UAMpCKdSGgCMimmpDTDTAYaYakNMNMQw0hFONNoAfSiilAoAWlAoFOFACAYp9ApaQCU9abSigaJKMUgp1IApKdSUAApaSigB9ApKKAHUtNzSg0DH0UlFADuKUUynCkA4UGgdKQ0DClpBS0ALRijpSigBOaUUtJjFAC0tJSikMWlopaAG0opcUUgCiikzQAUUUUAFLSUtABQDRmkoAfmimUoNADqXNNzRSGLRmkpKAHZpKSjNADqO2PWkFBP5jpQBxPjbS5mcX8C7k/jx2rM06/8AmVSeCBivQb2Lz7GeI9GQ8V5PCWhEe/rG21q48RTW/c9HCVnt2O7fUGihWNWBZxxzUdxdiG0O5vmI5xXM6093bTW88CMysmQRWHL4oSFvLui4buCDXCot7HqSq23KOu2cv257iB2XccnBp2m+I9SsgItxYdquNq9pdx5GSPpU1nDZStuMLnHUgVrqlZmNm3eLLNkk+rv50xdhnldxrstGtvsA/dRhVI5wOc1naeIrOFXt7eQh+hx1q1JfakUaSKxdVQ4+tZSTZvFW1Z0F7qoSMxvnp96uNXVvsmqK6HCs2CtZmqz+J7iRI4oRlz8o281sWXg2/SKG41Bh5zkbgB0pWsr3Btt2R1bSebCrg/eFVNXZbeBU/wBkg1aCLHc29snPY1heJbrzdQljX7kYOcUkKb0H+Ddskl5Jt/ixmuuArmvBKY0iSQjl5Dj8M101ezRVqaPn67vUYlFFJWhiFFFFACUlLSU0A3minUUwG4oxS0tADcUUGigQlIaWkNAhtNNOpppgJSGlpCaACkpetGMUCExSGnUmKAGUhp5ppoAYaSnGkpgRmmmnnpTDQJjaYakpjUwGGkpTSUAPFLSCnUAAp1FFACinimgU6kCEp1Np4oGOFLSCloAWiiikACjvQKXFABSikpwxQAUUtGKBiU4UYpaACjmlpaQAKWgUYoGN704GjFFADqUU0UuaAFoopaQCUtFFAx+eKKaKWgB1JTaWgBaSiikAUUUUAFApM0ZosA6im5ozQAtJS0lACg04UyloAfSU3NGaBi0lFIaQhaWm0uaYxeox68V5R4ggNlrl9bkYRiXj/WvV81wXxGtStvb36r9w7XI/DFY1o3ibUJ8sybwpew6nYfZpwPOhOBnvU3ijwPZanGZVRUmxwwFeeaFq5sNZikDfK7DcK9oju0ubdJByHGRXlSThK6PcpyU42Z5Xo2jx6LcGPUY90JJUvivSfD9x4alhdkEIymHBU81QvLRTOx2A5OSO1XdOj09V/eWyqw7iq5rmnsIte6zobXVdKisY4reLf5TfIijn61XN/d3p8tNNaL94SztjGPXrUlhcWcQDxw5cHjitFGMzFm+RCc7R2oa7h7JR1ZHp2lRwMJ58PMRwaXUpI9vI+7yKtvISMDqR1ri/EesmGO4jUHcmQD71nLXQNtTPt9SE19eXbNhIlKqfeuYu7/fFNITlpCcfjTrqb7JZLaBhulO5z+tUbCD+0NXEMfMMZyfcCrSsYSlfQ9D8NWxt9Dt1Yckbj+NbPaobRAlrGuMYGKmr2Kfwo8Oo7zbEoxS0VRmJikpc0lACU00popgJS0UUwA0lLSUAJRRRQA3FIaUmm0EiGmmnGkpgJSU+jFADQKWlxTTQAU00vNHFAhpptONNoAaaaTTjTe9MBuKaaeRTDQIbTTTqaaYDaaRT6SgAFOpMUtADqKKUCkAopwpKUUAOxSikpaBjxRSA0uaACilopAApcUgpaAExSilooAdS02loGLS0lLQAtFFApAHegUuKKBhRQKWgBKWiigBaKKWgApcUlLSAMUopKWgYYopRRQAlLRRmgApKKKQCUUvFHFMBtGaOaSgB2aM0zpS5oAdmjNNzRSAdRSUUAOzRmm0UAKaSiigBfxqlq+nx6nplxaSDKyKQPZu1XaD0otdDTs7nzleQzaZqMttKpWWJ8c+lereCNXF/YiKRxuAwBVP4leHlurL+1oEAlgGJMD7y1y3grUDZ3wB74rzcRTserhKt9T1y6tmXLYoiYCLlBxWtAY72xWUEEqPmqvNbxovHJPNcadj1Iq5BDM3mhFUAV0FoS6jI6VjaesUtx83BHBrpVEUa8EcdTTWoSI3+WNnPYV5D4kvjNqE8fON/NenazqkVpascjpXiur3++7mkH3nYmnBXZjUdkU7y6dhGwPzn5RXZ+FNKa1sPPkX944rmPDultquppM6ny0PQ9DXq1vZFUjiRfmJAx7VU3qooinHRzZYjQpEmQegp2fSuiishcKYCo2+X8px0IrnpEMbtG3BBwa9mL6HhTjZ37jaKbRTMwNJS0UAJRilpKYC0UtFACUhp1NNCASkNBpKYCU2nUlBIlGKWimAlBopDQAU2lpKAExRS0lAhppppxpCKAG0mKdikNMBhphqQ0ygBuKaRTzTTQIYaTjFONIaYAKdjNNFOoAMU4UlKKQB3p9ApaAAUClxS4oGFKKSnUALRSUtIAFLikpRQAuKKUUUALS02lFAx1LSUtABRRS0gAGloAoxQMSloooAKKKMUALSim0UAOopM0uaQBS0UUDFFFFFABSUtJQAUUhoyaAHUlJmikAZpM0tNoAOtGKM0maAFxSZpM0UwHZo3UzNLmgB2aM03NFFgHZpc0zNLmkA7NLmm5o7UAZ+vQ+foV5HjOYjivCwz2NyHjJADV7J4v1f+zdEmCHM0g2qB2FeQy7ZMZOc1zYjodmG2Z6F4e8XFIgmcgr8wJrol1gSRPJuGTzjNeKCV7WUMkmD6Vpwa5cxyFS5wRjrXnypa6HqU8RZWZ6lba2nmeZuxnrzVq58TAR7BLjPevK4dVkKkZ5FNl1OWRMKcDvU+yZbrnT+JfEzzKYY2yB3rlrOGfU7tU55NV0Se8mUAHBr0Xwr4eEYWQrlvT1q3aC0M0nUd2b/hvR1tbdFCcgfrXfafp4gQSygeYw49qh0jTFhjEsq8kcJ6VsEcDjpxXRh6FvfluYYivf3I7DbUbZ1HYnFYmu2BSVrhF4J+bFbsagXUaj1yakmjSYSI4+U8V1OVpXORxUo2OCzmirepWbWN20Y+633DVX6dq2TucbVnYSlpaKBCUlLRQAUlLRTAbSU6kpgNNJTqKBCYpCKdSGgBlJ2pxpKBDaU0UGmAlIaWkoEJikpaSgBKQ06mmgBKaaWimAw0lONJQAzFNIqQ0w0CGEU008000wEpaKKAHCnCminikA4UtMp1ADhS03NLQMKWkpRQAUuaKKQDu1FHaigBaUUgpwoAMUuKO9FAxRS0gpaAFopKWkAopabSigYtJS0lABRRRQAtGKKBQAmKKXNJSAUGjNJRigB2aM02jNAx2aM02jNAC0UmaTNABmlzTTRmgB1JSZooAKKSjNAC80U3NITQA6kzSZopALRTc0ZpgOpc0zNFAEgNHJzgZNR81Nd7rPSXkRS1xKMRjHSk3YuEeZnA6+RqF7NADuKDB9M157NE0EzREfcOK9Gs9NntpZHuQfOlYsc1jeJdFLL9rgTn+MCorU3KHMjqpyUZWOPv7VpLcTR9u9Z0XmltuTmuhsHXcYJh8p4wa0l0FCd6YIPNcDZ1Rjc56CGTuxNadpYNKQD0rTj0sq2Ntbum6SXlQBTk9Bipb7Gqj3H6FoSs64TJ7V61oWkR2caeYo3kZx6VU8O6GtnEskigykdPSupRAMHHPrW9Khy+9Pcxq17rljsOAwM88U5clQSOtOxxkU5VyfrXQcxHbgm7LkcKMVKwJbHvUypsTHfPNBXBBrJu7LS0MrWdPF3YsVGZYuRXH4Pp0616K44Yn0/Osa48OWswaSNmSQ847Zq4TtozGrTcndHJ0Zq1eafcWbkSoSvZhVTr0rdO5zNNPUWik/nRQIWikopgFNp1IaYDaKWkoELSGikoASkxSmkoEJRRRTASkNLSGgQlJTsUlACUlO7UlADaSnUlMBtNNPppoAYaYRTzTSaBDKaaeaaaYDaWgUtACinCkpRSAWnU2nUALRS0UDEpwNJRigB9FNFOpAFLSUtAC0opKB1oAeKWkFLQMKWiloATtRTqSkAlKOtFFADqKSigYUUUuaAEpcUUtACYoxS0UgG0tBpKACm5p1NxQAZozSGigBc0ZpuaM0ALmim5ozQAtLmm0maAHZpuaTNNJoAfuppNNozQA7NJmkzSUAPzRmm5ozQA7NLmmZqSGKSd9qLn3oKSuOjG+RVIxk11rWEY2lkBAUAZ7Vg2tiY7yIOckt0rtGjBTkdqwnI6qMHFO55vrdqBfOQOpqj9iDJtZQQexrqtfsws4b1qhHang9q64P3SZrU8w8R+FJbRzf2iEx5yyDnFVtNu2JVGB9ORXsq20BRlmC+Vj5yxwK881S00iLUpDp19C6KcshP3TXDiaSWsTpoVNbSJLa08/bsTLE44rutC0KO0QTzDMh6ZHSqXgyytbmH7SlxFKy/KUU5Irt44VAycH0qKFJRXNIuvVv7sRYY9qAjvVjkMMfd70IoxT8Emt27nOCru5zip4UJAz25qOHEpIB6datqMCs5MpIaxOaDQetGMmoKEPIxShODTgvNOP3TQBXeNHTa6hh7isW98PQzgvb/I/ua3ccUw4781UZNEyipbnD3Gl3dsCXjyB3FUj09PX1r0QoZBgrwfWsu90G3uASi+XJ/e7VrGr3MJUP5TjsiitC70m6tOq7k9QKoe2K2TT2MGmnqGaSjFFMQUYoooASkpaKBDaQ06mmgQ3JoopaYDQKMc06kzQAlJS5pKAENJTqKBDaQ4paaaAGk0004ikPSmAw0w08000CIzSGnmmGgBaWkpRTAcKUUClpAFLRiigBadSYooGLS0lLSAKdSUtABRS4pDQAtAopRQAopwpKUdKBoWigUUALRSUtIApaSloASilooGJS0UZoAO9LSZozQAUuaTilpAJSGlNNIoAKKKTNAC0lJRmgAptLmkoAKTNBptAC5ozSUmaAHZptLTTQApNNopCaAFxRTc0c/h60AOGOtKDxyMUiI8hwilj7Vq22iTMnnTjC+lJtIqMXLYr2Ony3zfLkJ3rpEsY7KDbEMNjk1c0+zS1tR8oGaST97JjsKxlO51wpqJStYN18hI5FdCvIFZdim65kb+6MCtNemO9Zs1MbX4lIQ5+bGcetZSxhIst25+gq9r3m/8JDZqf9Q0DDP+1kY/rXE+O9alsrVdNsmP2mcfOR1Va6qWsUjCe5wnxI8aXd4X07TZTHZI22V1P+sP+HWvMLdGaYEbhz94V6DfaL5ulThotjhchvWuG09QLzYRyD1rLERtK5dN3R0Oi+I77wbfw3VhI25j+9jzw475r6S8J+KbDxXpUd5aOqyKMSwk8o1fMGn6bJrmvtCq/d6gV06Rav4L1aO+0/zFx95OzCilBuNwnJJn0ymdvTB7+9ZHiDWBpdvHFBh764YJbxepPc/pWZ4a8d6Xr2kG7eZILiJczRMeQfak8NWcmua7Nr92u5UJS3Ruij1/lTta7YLVnYaZbtbWUaSHMmMufUmrhNIoxxnPvTiDwTxXM2aDTwKVRxSHlvYU8DnigApr9KfUcnagBvahUyc96UCne9MBCccUhpevJooAjZARgjINY1/oENwC8OI5D39a3aTaKak1sTKKluee3VnNZy7Joyp7N2NQc49RXoNxaxXERjlUMprmb7w9NFl7cb1H8PeuiFRPc5p0WtUYmaSnMrI5Vxtb0NNrUxYlIaXNJQSJTSacaaRTASlzSYxSUAGaSlpKACiiigQUlGDRg0AJRRTSaAENNJ4pTTTTAbTWpxppoEMNMNPNNxTAAaeKjFPFADx0paQdKcKQC0tJmloGFLmkooAWik5p1IAFLTaXNADs0U2nCgBaUU2gHmgB9OFMBpwNAx1LSUtIBKKUik5oAN1OBplKDQMdSUuRSUAFFFJmgAozRRQAUuaQUtABmkNLSUgENJTqaaAG0ZoNNNAC5pM0maTNADiaaaKSgAozSUhNADs0hNMJpKYDiabnNHfHWnRxPK4SNSzE9qAHRRvNIFQc10dl4bVYxLcknPNS2WlC0hjLcysefaulaLdaMP8AZrCdTsdVOkt2ZyWMcaL5ca7exqQQmWZV/hB5qeyfzLVR/EvBq1DDtZmPFZtm6RBc4QKo6AVU4VGarF/JHDAZJHCr71g3FxqF1aN/Z8Iwf4n4/nQthmxaDbHnuTk1dQ/MKpwo8cS78b9o3c9KuR4LVIFPXopBAtxDH5kkYyq1xkXhw6hIb+8X99IO/avSnUMo47VkzRbQVXjHStqU2lYzmrnnmvaKEsHVVGQMdK8CezlttTnYAMquelfUOuRf6JJJ0wpzXzNbSZurpnJOZW7+9PESvFCpqzZ2/wAGLVLvxjfGaP7sOQD6817JqvhqC+hKbFJxjOOma8V+Fd99j8eqc4WeN0I98HH86+hopBIuCe/NKnJqI5JXPL9P+HLWmqmRHbY7Y2g8H6169p1lFYWcdvGOFGDj1qG0i8yUyEcDpWlwKmrUctBwjYKjnuIrdN8rBFyOSakqC8tI72DyZRlTisiySK4glGY5kbPoalH51Qg0m1txhFf/AL6NJcWMj/6m4aM/nRYDQJx2AHck1HvV2JVgR7VjyaPdzKwlvWK+xxV+wtEs7YRKzN3yxzTsl1At0jHtS9BTG5cDvSAUU4UUUAFNNONNHJ9qAFA9aCo69aeB+VMPPSkBkappkV3ExVQJB0I71xskZikaNhgqa9GdcriuS1+02SrKowO9dFKXQ560NLow6SnEUhrc5BKbS5pKYBSUUlAC000uaSgApKKKBBRRRTAQ00040wmgBpppp1NNADTTTTjTTQIZSU+kP0pgRgU8UlKOlADx0pwpop1IApQaSloGLRSUtACilFNp4zQAhpKdikpAFKKKKAFo70UCgBwp1M70/tQMUGnZpmKdQAuaQ0UUgCilpcUAMoFKRRQAUY5opKAFxSGlFFAxuaM0tJQAuaXNNpOlIB2aSm5pM0AKaaaM0E0ANpM0tNNABRSE03NAC5pM0maM0wCijNJz0oAtWNm19dLChwT3rsdO0eG1dUUZI5Le9UvDltAYI5EA84N8/riuitsZbBzXPOTuddKmkrsqMN97jHArUA+XHtiqMaZvm+laGMYrNm5nWOFu7iMdFOa0m5H4VmQfLq8y/wB5R/WtQ8kCkwKOo2EF5ApmBbb0UHFJBGEjSNRhQOgq1c9AlCJ0ovoBWkXgg4yPaiA/dqUrl2FV4uGK+9AGmvIAqhdAeYavRn5Kp3nDqMfjThuKWxxvja9XTvDWoXDH7sLY+uK+YrBzJckf3mLGvdPjXqQtfC0dorYa5kAI9h1/nXhelxnzdx7VVV7IUUdV4SJtvGGnyLwTMB+ZFfSKo4IQdWNfNmkv5Wu2Mw/huI//AEIV9QaavnP55GFIG0/hRCVosGtTSijEcYUdhzUlJS1mUFL2pKOo4oAKTv2opRQA1z8pzSj+EUjcuFpw659KAA/exTB9/dTs/eNIg+X60AOoo7ihjigBrHtT1HFMUZOak6UgEJ7UmMCiimA0jNZerW/n2jjHI6Vq/wAu9Vpl3ginF2Ymro89II600mr2rQfZtRmj9TmqBrsTurnnyVnYSm06kxVEiUUuKKAExSUtFACUUtFACUlLSUCEPSmEU402mA0immnHpTTQA00hp1NoENNJzSmkpoBtOFMBp4oAcKdTRS0gHUtNpRQMWiiigApwNNFKKAHUUUd6QBRRRQAopaSigB1KKSloAcKcOlMFOBoGBooopAGaUHNJiigB1BptFABRRmigBKKKKBiGkzS0lABmikooAKSikNIQU2lpKADNNNLSUDGGm080w0xMKbQTTc0AOznAq7pdm17fLGOw3VQz+ldJo9lJaiO8H8QyR7VMnZGlOPNI2LO3S2vElXK5UggdCc1pWcwMhQ8M3IFQXQUwxzp93dz7VBfE2ptLpP4W2t9D/wDrrm3O42UTFyT7VO/QGmqATu9elOf7gqBmft260D/eWtID5vpWc3/IWjP+ya0uzH2psCpcOQWfGdtSQyB0U+ozTeDuz34NQQnypGgPXqpoAnX771WYbZsVcXp79KrzDEmaQFmE/LTL0ZTOKID2pbv/AFBPpTjuJ7Hzd8cdRF14ktbFWysEeSB6nFcDprc1ufEycXHj69Y/wYUfhWFZ5Ug0T+IFsdV4f0ubWNcs7O3BLtIrH2AOTX1PaQC3tooR0VQufoK8q+Dvhzy7J9cmTEkw2Q5HRfX9a9bHT1xxSWwxetLSU6gBKryykv5cfOD8x9KWSVnby4uW/iPYU0osahF6dz60ATp92nimL0FOPCmgBg5YtUmMLTFH6089MUAR/wDLNj604fcFMYYAHqaf/DQAgOTmk6tTI3yWFSIPm5oAeowKTPNBNFABRRmkLelACE54Heo2ALhRUuMc01V+bNAHI+KI9uoq4/iWsL3rpPFC75cr/AAK5rnFddP4UcNVWmxKKXFGK0MhKKKKACkpKKAFpKKKAEpKWkpiEppp1NNADDTTTzSGgBtNNOIpp6UCG000ppKaAYKcKYKcKAJBTqYKdSAdS4pKWgYtHalFFACUoooFADqSjNLQAY4ope1FIBMUlOoxQAmTTgeKMcUmKAHZozTaUUAPzS5plFAx9FNFOpAFFFFABRRRigBKSlpM0DFptLTaACikoNABSGikNACZptKaQ0hCZpM0UlMANJRQaBjDTTxTjTTwCaBCqrFvlUk9hXoGmFZdKtJkAICBGHvXJ6VZyZW7Y/IG24xXTWbHTrlgVJs5znA/gNY1XfQ6qEbK5pSQDyWQfccdPQ1XvVE2lN3wAfpitJApUoxypGQaoMpCXEDD7oJH0rJbnQaFi++yhbPJjH8qsSf6v6VnaJIH09F7oSv5VpNzG1S9xmWzf8TOL3BrWx1+lYTtjVIvxrdU96GBWPDkGo54yVWRPvpyP8KluFwc0iMGXb69KAHRMGUN2I5+tRzLuGaeR5ZyOjcH2NI/PFIBsRwRU1wM27/7tVxwM+lWc74G/wB00AfHPjZzJ411JjyfNI/U1N4V0ebXdcs9PhUnzXG4+i1X8ZceNNUHpcN/M17F8DPDbQ2U+u3CfNN+7gyOg9f0NOWshLY9d0ywh0zT4bK3ULFCgRcdxV4evemKOMDtT/lAJY9KQxcYqrJOZZDDBz/eb0pkk8l0xhg+VAfnf/CrMMSQIFUY/rQAJGsMe1fxPrUZPzZqVu9Rfwk0ATJ0pzn5QPWo4TkU9+WFAAv8qDnrR0pM0ANcguB6U4HselR/8tT9Kcf5UAV4ci4kFWxwKrRDMjN61OTzimwFFOyKjzg07tSACTSgYpByadQAh/WlJCoT0AFL71S1GU+QyLwTQtXYDIuV+3/aSBkFdw/CuVxgkH1rtrCECQp28vFcjfReReyx+jGumm+hy11syvTTSmm1scwUUtJQAlJS5pKACkpaCaBCU2lpKYBkU0kUtNOKAENNJpSaSgBKQilpCeKBDDTTTiaYaYEYp4pop4pgLThSU4CkAtOFNxS0mA4U6m0UALxRSUUDFBpabjmloAdRSUtAC0UlApAOooooAWikzRQAtLxSUUALRSZoJ4oGOzRmm5opAPopmaXJoAU02looASkNOppoGJSGgnFJQAhNITQabTEBNITSGkoAKKSkzSAdmm0maM0AIaD/AD4pDRnsOeKAOj8N3BmjlspB8v3g/wDSuoS3DIVPcY+ormNLtWhjimXIJHzA11lrMJFXdxiuaT1PQpq0UmJAGtyI2GY+x/u0l6NkiS/wsNrGrvQdNyn0pk0Kywsvbrj0qLlGdojbHuIv7r5H41tdq5vT5dmrunTcMEV0Z+7miW4zCu/k1KE+9b0ZymawNTO29hPo1bdu2UUUNAPmG5KqKcNV0jIqpKpHIpICzgSJg9DVcgqxRucd/X3qW3bK/SnTRl0+X7y8ikBXI+U1LbnKlfwqNDkH9R6UtrncfrQB8reJPD9xqXxYu9KjUh7i74PoCx5r6h0TTotK0q1sYF2xwRhQPfv+tc1a+D4k+Jd94hkQEPEiRZ7HHJrstywxsZDhRzk0ASFlRMluB1J7VSZ5L9tqExwA/e7tQN9+4ZwUhH3R3NXkAVdoUAUbAIkawoFUAAdAKXtQaQmgBG6U0cKfpTj1pGXigBlucMRU7darfdbNWD1oAX+GmN7U88gAU05APHagBifMzGnOcKT1zVVXZZI2HKtUl3K0cJ2DLAZxT6gPUAD3oLenWoopvNtlkx1FLGcnJ60WETKO5p33jTM9qkHQYpDHdBxS+5pKazcUAJJMqgis643SnnpVzbubnpUUqjOBVITFs4wJGOO1ch4g+XV5cdwP5V28KbVz61wmtyeZqsx9DitKXxGNf4TOzRSUtdJxgaaaWigBBS0tNoEFJS0UwG5pCaU0lADSab3p+KbjmgQ002nkUhFADKYakxTSKYDMUhFPppFAEIp4popRTESClFNFOBpDHZpwpuKKQD+1FANKcUANpaKKAFFLTaWgYYpcUtFACUuaOKKACnCm0ozSAWlxmkpc0AHSloxmjFABijFLSUDEIopciikAlLSUmaAHUlJmloAWm0uaTNAxCKbTiaYTQIDTSKUmm7qYCUyn5ppoAbTTTjTDQAtFJmkzQAUAhXVuynJpKnsIhcX0UTdCefpSew1qz0Cw+z3VnHIgxleRV1IUWs+ymggKxcLnpWv5QbkHrXIz0UOiZR8vapCgI+U9ar+WVOalQ54qRnN3/wDomuxSAYV+tdOp3RgjoRmsvXbQT2RlA/eR8girtlL5thE3qtN6oDH1f/j5jP8AtVqWknCg+lZWrjEsZ/2quQsQqn2pvYRsA5WoZUyDRDLuXmpG5BqBla3OCwq0Djmqyrsc+9TAZFADJo8HzF6dxUEUgRWZs+1W92PlPQ1RuNsMvJwg560wJFlCo00x2981DHuv5RLJlYFPyr61QDSardDGVt0PA6bq2I8IoUdBRsBZA28en6UopinjrT8jFIANMNBbmjIJAoAXHFHB6mnGm0ANaMFTzSxsCzLu+YU6s+WQwakp6LIKANEnI6jJqnqGpWmm2cl3eTpFboMl3bFPuLmNYmZ2EagEsx7D1r5l+JXju48Tau9nbSMunW7bY1Bxv9SfXvQB1/iP44COT7PodsrIh4mkOCffHNc9F8ZvELzBpZIyp4wQAB+lcdoXh6bVd0jKywL1bHX2FdZb+C9Gl02R5jKswHynJ6/SqSYHsXhHxWPEOjQzOscZztZVblT712AjZE/2q+Y4dZufCV1+4kIz8hGMgqe+PUete1+A/F/9tWP2O7kBuoVBVv8Anonak7g7HZouBkmpicVSkkJZQD3q2ewoYh45Gajc84p5OFxTF5NIYo4FMCbnqXGeBTlG360AMuJBBCxPpgV59qyFb58/xc12Woy+ZJHAp4LfNXNeJItmpL6FBW1HRmFf4TGoNFFdJxiUUUUAFFFFAgpKXtTTTASjvRRQAlJmimmgQd6Q0UhoAQ000/FNIpgNpppxppoAhFOFMBpQaYiSlFNFLQA8UtMpwpDH0vakFLQAmaKWikAoopM0oFAAOlFLijtQMM0tNpwNAC0tJmikAtFFFAC5ozTaQ0APzRmmg0tAC5pCaKM0DDNNNLSGgQZpQajzThSAcTim5paSgYmaSlNJmmIaRTTxTjTT0oAbmkzQaQmgYhNNJpc0hNACUlITSZHWgBc1reH4c6pC7jCE4FZMa75FT+8wFdfe6c1la2zQj/V4biom7KxrSjd3Nu80tZE3Jww6U/TbqRT5M3+sHFXLCYXNpG+eo5qteQGKYTJ3PNc1+jO40xhhTWjI5Ham28gkjBFT9agCCRVlhdD/ABDFVtL4sVT+4SP1q9sw1VLRdjzL/tUwMnWfvxn/AGquQYMI+lV9SXfMq+lS2h+TbVdBFmJ9rYq8r8VnNkMKsxvSYE7DJpVOOKYDQTUjHyAFDz9KzZbc3k2x2IjHWrbueEH8VKVMAO4HDdxQAvkJBEBGAqU3a1K2Jo8YIx3NJDJuypPK0ASIDnmpOgpoHc0E0AHvS5HBpmeaeCCpoAkyKbTQwpGNAEgrO1iJvISZOsbbvwq8rHFEyiaB4z/EuKOoHmPxc8SHTfCi21s224v/AJQQeQnf+deAaZp0uq6lBZw5Lytj6Cu5+LV61x4oWy3ZjsogoH1H/wBarnwf0iO68VSTSLnyIty/XI/xpgem6Z4TttK8PW9oka7gvzcd6zbrQArMNuBjOcV6T5KsM8cVXNlFNISxUgfwk1SkB4R4h8DXsunzXyodqKTg96wPAWuvpuqWUzMR5EojcE/wE8/yr37xfewWGg3IYDJiYBfwr5ZtZGiupiMqHBfjsaJdxI+voMMVfswDD8auL8zfSsfw7Ibnw/YXDHLSQj9OK2EHy47mpYCt8zVIqYFKqhRzSg54pDDGPxqGeXaMDrTpZBGvJ5qvGpcmR+vamkBXjj332T1AzWJ4sXF3CfVK6O1XdLJJ6nFc94t/18B/2TWlN++Y1vgZzlJRnrSZrqOIWikBooAXFFJRQIDTTS5ppNABTTQaKYg6U09aCTSUAJS0GkpgBppPFLTTQAhNNJpxpppgVxTqatOoEPFLTQacKAFpwNJSigY4U7FMFPB4qQCkpaKAClzSUUAPo60gpaBiYpKdTaAFpaSloAWk70ClpAFBoozQA2lzSUUAOpKSkzQA/NIaTNBoASikNJQBJRimA0uaQAaaaM0lMBM000403NADTTCaeTTDQA0mkzQaaTQMDTeaUmmk54oAs2ELz3gVBll+b8ua9Lsdl/p0ZbB+XB+tcn4MtBNNPOw6LtFdFpDGy1CeyfhCS6Gueo7s7KEbRuW9LjNs0sB6K2R9KvzIHQr1FUby9t7G6DyP8zDkAVVbxDCzFY43b3xXPOpFPVnVGlOS0Ro2wMbFe1XQCO1YseswdXR1/CrMes2THBZh7kVPtYPZjdKa3RpdenNVgNtxJ/tc1NHIsi7kYMvqKikIFz9Vq0Z2sZV0N16fYUkJ2PipGXfeOfSq0pMcmasLF9zlM06BqhikDx4zTom2tikBeXkUpFJGc1KakConzXar7Zq83Ax1qnAM3rH+6KvHqaAK0jEN7VRkYx3ORwCa1JEBTNZV0MEe1NAX0bK0pIqvA3yDmnO+DQBMMU7GBUSkMtSA4xk0gGmmFxjrTpmWCJ5ZXVI1G5nJ4ArzjVvHOpatdSWfhWFWiQ4e8k4Gf9ngg0wPR139dpx60eaQOnTr7V5ENM8UmQXFzrF+GPPyW4IBrQ0/xzqWhzmz8RYuLRwVS8UYYH0ZRwKB2PJPGk5vPFusXB5/flB9ATXXfDvXLDwv/al/fyBAIB5ak8ucrwK4jXGWW71K4Ukq92xU+o3Gux0XwIdT1nTzeyEQiITTRDr1wBj8jRuxG2ut+OfHEzPYeZpmmLzvUfeHvnNJHoOsmR2s/FFyJUPIyvX8q9IuF+yaZ5ESLFF9xVUY68VgnTUtGRowd7HkZq4xXUGzy/x5J4usNHhfUL95baZ9okOM8fhXn1vdIbdwYnkvGYAHHy7a7X4qaw+sXIto5GFrY/KgHRm7n9a4nw7YXF7qtpbJn99IFI7kE1D3A+tPCSsvhjTFYYKwgVuMTnj14qrpluLbTreADGyMD9K0FQflQxDEDt97pUrEIpahjxUJBlfB+4KQyNUM8mW+72qWU7I+Og4qXAA4qBwXkAHSncB1umyEep5rlfFrZvIVHZa7DGAB6GuG8Sy+bqrAHhRitKWsjGs/cMc02lxS4rqOISl4oooEFIaWkNADDSUtFMBuDSU+mmgQlJTqO1ADCDSYpxooAZTTT6aaYDDTTTzUbGmBCKfTaWgQ6lptKKAHCnCm4pwFADqcDTKdSGP7UlAopAJ0ozxQRSUAPHSlpo6U6gApKWkoGLS02nUAApaQU6kA00dqdik70AIBQRTqQ0ANpKdSUAJRzS0mKACkxS5ooAQUhoooAb0ozQaaaAFJphoNNzmgANNzQaYTQApNRk0E0wmgYpP4Va0uwfUr5bdTgdWPtVLcScAZPYV2ng7T3iaWWVcO64UGpm+VXKpx5pWNzQLOK1SWKIYVT1qXUliR1ud6iSI5I3dqZBN9hgvZCOEy2K8/vNf81mEjklmyfp6VwVqvJqetQoe0WmyNLWJr241WWSMCSNiCpz04qoralB8yxd8n5qW31y12ryFPcE1pJeR3IHluD9DXlzlzu7PWjeEVEqNq80a7riBlXuccVp2NxBcKCjKVarCxxXEOx0DrjlT0rnL7R7zTJjdaaS8IOXhz0+lLVD93bY7K1lls2ymSh6g1o/a0nuISh5ZeRXK6Pri3sYGdrjhkfqDWvuUMJEGGHSuqlW5fQ46tDmfmFzevaXPmFMxM2CfSpLvEtt5sZz3BpIgLuK5hnxtf5kz61mafdtA8ljP/AAnj6V2qSeqONwa0aLlrcgHGeavb+dwrFlHlS7h0Jq/bTiSPB61RLRs2z7lq32rKtJMNitQHj8KTJIbf/XzN9BVrPNU4G+eX6irYNJgP7Vm38eVJrSqvdR7ozQgKFm2Vx6VJJkgn0qvZHbMy1bnUhCw6VXUAhO5PSorjU7O0LCa5jVkXcU3Atge3WuS+IHia58NeE5LyzX9+7CNWxkIMjJx+NeM2evXmreILZNN865uJ8JcSytuznrj0FJgeu3t9f+Nrk2NqHh04HDMMgvXYaJ4csNCsI4IIVwox0zn3qTRtOi02wjjRAkhQFiPWtPIxwKQ2xrBSuMA57Yrzf4h6XDJDIVRcyKQwA4yOQfzr0bJ3Z9K5TxPa+dE5xnaM00I8CggS8W1g2HcbhYn46nODXpmkRSX3xCaGKZk8i2VlAPBIwMVyWiQRy+LDbgDaswuU4/unLfzre8IaoIPHsl1KDhomBBHXDf8A1qexSvY7/wASaj5U2lWxx5k0mW7dMVz3jvXRpUCW9uwF5KpCDrsHqaxPFXifz9Wt9Q8orBCwMa+ozXn/AIp164vLmW7nJ+0zfdH91ew/lRcTVjA1W4N9draRklEOXOepr0j4QeGvt2uHVZEzb2o2pkfxf5FefaVpc9xcRW8YLXV0wHA9a+o/COgReG9CgslUbwoaQ+rd6S7km/GoAHtUuah31KDlaQxGpQKUDNOoAa3rSRpg7jTsZNKzBVxQBFcTiGF5ScBR+tec3UxuLqSU9zXUa9eFoWijOB3rkjXTRjZXOXES6CUtIKK2OYWkpM0maBDqaaWmmgAoyKbmimApNNzRRQIKQmikoATvRmk70UwEzzSE0Gm9qAEJqNqeaYaYiPFLikFOFAgAp1FLQMKcDSUuKBjhRRRSAWloooAKKKWkACnUlFADu1JRmjvQAUUtJmgBaXNNooGOzxRSClpAFJRS0AJSUtFACUhpTTTQAZpCaDTSKADNGaaaM0AOppozSZoASmGnE000AMNNJpxqI0AIxphNKaaaALOnLv1G3UD+MV6XayRGYOvDgYrzvQ1zqaN/dBNdpp8by3G7OFzWFXVnXh17tzQ1rcNOmeJMl+CK4qO2sZnHmW0ZZeu4c16TEquhBAbsQa5bXvCkssxvNOlMbAcx9jXDXg5LQ9TDVYw91mBd+FdKvhkReQ/Z4+Kx/wDhGdX0+cvp2oRzRj+BwS1aCahd2bmG/hMWDgSDpWtZXOWDsc56GvPatoegr7mPpmvSRXP2XUI2guAcbZO/vXVwzh1H3Sp7iqGsaFaa9alW+ScD93Ov3lNYOk3Gp6PdHTNWQlR/qrgdJB/jVJWIbUvU3rjQYTfC+tX8mfuB0YVohZFjAYgt7VEk/wAvXIPrSmTaA2ODSejGk2iUZKNzyOlZGoo6yrcA/MOtbMYDDI71BcRCRSCK0pTcWiJpSTRSiuhPEATyKlhlKNWXhraYgdCatrLnB9a9BSOBxNyzuAXGTW9C25QfauKjnKOCDW9p2oBsIxqr3MnGxfjJEkgHrVtSc1QMgWZyD1IqzG3zHmhklsGhxuFNRqkGMGpAxMeVen3q+3zRH6VX1GPYyyD1qxARJDn2qmBxPjDTW1XSZLPbuDcbapeA/AtpoKfaWhBmbocdK7SaHEx4zmrVuqhcDimwJN5KEgYqaFg4qAqQTTIX2S7TwDSAtc7qwdVCuHyeGGK17q9htRlm+bstc3cTPdS+Y3C54FZVKvIjalSc2Zug+FdNs7l7mODMpLHzWxkbutX59A077SLqK2jWZRgOo5qaBsfebFT4HY4B61yKcm7nbyJeh5P44sLixuF/0ZzZwrlXA++3/wBbivN44WuriS6uclV5P9BX048cc6mOVFdem0jiuX1bwFpmoXdvMq+QiybpI0HD1vCt0Zz1aLbujN+FnhTys+ItQTazj/R0I6D1r1L7TvfAHTrWXZhrlhBFH5UEeFVR2FbSQJCvHJxXSctrD4+SKtAVFEmF561OOlIQAUvSimk8UABYCqdzKzDAqd+lVnpoTOe1cbIfrXO9BW/rb5O30rn811w2OOv8Q6kpKKswA0UUtACU2nGm0wCiijNADaSlpKBBmjNJRimAmaQ0UhoAQ0wmnGmmgQw5pMU6kNMCEU4U0GnCgQ+lFNpRQMfThTBThQA6lpKM0hi0tApaQAKKSigApaMUuKAEpKWigAo70tJQA4UUgpRQAUlKaSkMWjtSUUALRSZpM0ALSUZpM0ABFNIpc0maAGmmmnmmkUANzSZoNNNACk0wmg03NACE0w9KUmmE0ANNMJpxP8qRY2lmWNBlmOBQM3fDFo088kmPlAwDXfW0KwQhQOaztF0xdMsI4z/rG5Y+9aykAd65Zu7O+nHljYcnmI+U6VcRt4BI5HWmIhKjtmnhcH3rNmhi61pNvdRMzRAqfvA1xT6DqGnzGSxn86A8rG/BUe3rXpxxIGRhwR6VhSaLd+ezow8vOQM1x1qLbvFHbh69laTOfs71lIjdSjjqp9a1ZVhvbbZKoYHvjkH2p97o7TxBtuJ0+6wrPtpXhBjkB3rwQRXO4uOjOlSjPVETpJb5jzuwOD7VPbTCSMKw71LvSVGxjNNgQK2GGPSs1q7GmyLargfL0pWFGPQ07j0+taWsjK93cxtSt8rvAqjA24Y9K37hQ0ZU9/asIQmG52n7rHit6VS65WZ1IfaQrEg5qeGZkZWBp0dsZGx3qT7KUUjHeuhXMG1sa9ld+crZ5xitOOTPTpXPaZ8ssyHqRkVsxvg8dK0WphJWZpRvVhTxVBCSM1YjkosQSXUImhI74qhYSFS0T9c8VphgVqhPFslEq9c80ASXUf8AEBTIxhgfWrQIlg6VWLAccce9AE5GRWLqVybaQCPlj29KuXWpRWsZGd0h6YrnpXeeYyv1JzWNWqoqy3N6NJyd3sBLSsXkYsT+lLk42jp60qqM5J/CmSOxbaoxXHdvc7uVDo/mlEefxq5NPGqhVPIqjbWzli275qJtPkDFlfLe5pXaLSi3qWY5cPuq2kkch54NZkMMygbl5FTEMeAMP607kNJs1LRjDLtGMNWmo3vk9q5jT7uaXUPIdSNgyW9a6QS8cdPWu2g24nFiI2kXF6U7NRxE7ATTyOa1OcM0h6UCkbpQBG5qF+BUp681BO+ENUhM5PWWzPJ7GsbvWnqr5aT1LVl11wWhxVviHUZopKoxDNGaSjNABSUtJTASlopaAGmkpTSUCCkNFGaYDTTTTiaaaAG0hpTTSaBDTSGlNNNMCIU4U2nUAOpRTe1KKAHU4GmUoNAEmaXNNozQA8GnVGDTgaQx1FFFIBaWkpRQAUlOpMUAJminYoxQAlL2pORRQAtFJRmkAtIaUUGgY2m040lACd6KKKAEpKU0maADpSUhNJmgBDTTTiaYTQA0iozTzTDQAw1GTTmppoAaTzXQ+DbOK51NppiNsK5wfWucNa3h/ebmQI2OKmexpS+NHok95BETg7j2qSxuFlJaThRWAsZ3LnqelbUURKrEn4muZpWO4v8A2kFisYLe9TKCOWPNQKiphE7dTU6jHJqRkg96ZI3y45/A00vk8UUgFHI6c+9V5bKGUkuiZ9cdasZpetJq+5SbWxmSaPbsvyBkPqDVI6PcqSMhx2NdEAKcF71lKhB9DWNeouphwaXck84A96tHSTj/AFnNahNRk/NQqEEDrzbuYkmmSA8EGsy706ZcsyZweMCuu2jFNIxxUvDweqLWKmt9Tk7WCUyjERGOuRWj/Z7sfu9TW2ADS7M1so2VjGVRt3MBNLmS63iP5dpFXUtnTHy1rAcUFc0yW2zO2SDolKPMH8NaG0U1/kQsTgAZz6U7iKhufKXMhCj3qudXtcFS2SK5y/vZL69Z8/ugcRr7U5E2ruHeuOeJs7ROyOF0vI2DrXlhgqEg9DWXLdTyMxDFQxpyLwQeaCoHPpWcq05bm0KMI9CNYyw5P51JtwnAphkPamtKw68iszSxIQOCaTPO7FQfaADjbSecSpG2qSE3rYnSdxKAo4q9MyhASPm9qyrQNNPsHFW2jnDkdQPWpHa7LCuWTAbbmpNinqefWoVgkABJUfWnMrgdR+FNMlpAEdZQygdeo71rxrzyfwrGWVkPcVqW0kkybgM11UJJ6HNiIu1zTjPGKlqnBIejdatjpXQcgGmHpSmmnpQAwmqF2+ENXGrNvm2xk1cSWcpqDZlx6mqWamvW3TVVzk11x2OCq/eHlqM02iqMx9GKQU6gBKO1LSGgYlFFGKAEpKWimISkNLTT1oAQ03pQaQ0CA80zFO7U3vQA00winkc0hpgQinUwU6gB1KKaKUUAOpRSDpSigB46UUA0UAFOFJS0gFpabS0DFpwplLSAkpKQUZoAdmjNNooAdRTc0maAHE0lGaKAAUuaSikMWkopKACkozSbqAENJTs0w0AIaaaU0w0wEJpM0GmE0ABNNJpDTCaQgY1G1KTUbHimCEJrc8KqHupSfSufJrd8LyCKa5cnhUzUT2NaXxo7G0UTaiV6iP8AnW78sEeP42rA8NuH3XDniQ8Vs3EqmcY5VRXM97HcizGAqZ9aGl44NVDOD0PFG40rDLIkp4bNVQ+OtPEg9aLAWQafmqyvmpQe9SBMPU0pfFVDcYbBPFTK6uvBosMkDUGq+7BxT/OT1osBOKQ4qMSJ60u9fWgB2MU5D60zINIOKGBY7Udqbu4pN2BSAd7Vla/cmGy8lWw8vA+lae7PHrXJ6xKbrWXG7KQjYB79ayrS5Ym1CHNMykQFguSGHFaUUexOeaSOFcjI5B61ddVK5A6CuGMT0GyCFSSelSPFhCSOaiWZVOPSrnnxsgJ9KpWJdygVC9qjIJB4qzLMg6CozJvGMUBqyqtuA24nPtU4CbcYo2HrVWd5YlJC5oGkL5nkXQZOK11mQpk9TXG3GpSrJkr0NXIdWVkG9gPxqVe5o1Fo6cmNxhyGFOVIMcKK54avZgDdOoP1qQa5YL/y3Ut6Zq0zJpG7KkYiJUc44rR0iJ0sVLjDMcgVw0viCOa6S3hOSzAAg16FbZFrHnghQDXRRV3c5sQ2lyimL5sipM4FLnioWyTXScg4yc0gbIpVT1pdtGgiF2xWPqTHyzWtPxWDqr7YjzWkdxPY5ec7pWNR4xSscsT70ma6kedLdi0UUlMkdS5ptLigB1Ljim0ZoGLRSUUAFNpxptMQ002nE0hNADSKaRS7qTdQISkNLmmNTAQ02g000ARU4U3FKKYh1OBpBRSAfkUUzpTqBjgadmmCnUAOpabmlzQA8c0tMFLSAfxRim5pc0AOoozRmkMKKKKADikpcUmKACkzQabmgB4NBamZoNADs0m6m0tAATTc0GmmkAuaM03NGaAFzTTQaYTTADUZpSaaaBjTUZNPY1ETQIRqiY8U4tTGPFADCatWN39nhuFzhpBtH6VUPJqIn95Gx6K4zUyV0XB2kj1bSIRBolvuHOwGp3z5Xuaqi9iligjgPyBB3qcNuUA1z2O9bFiBcQ5PNPZwvHeoDMFGxacqnqaVhj9xapF4qMYNPDKg5pAWFO1ck0huN3ANUnud5wOlLG2DRYLj5iRzTba6ZX2npUrgMtVgAG6UwNQNu5Heoyoz3pIWytPapGIFp4BpAeKPMAHNAiZT71JngfSqD3IUZqxDMHiBz2pNDRZ3cUo5pBjANLuAqRiPIsMbO33VBOfavL18RwtdXErH7zn/AArtPF181p4Zv5Ij8+zA/EGvDvMkK/Xk1hWV7I6sO+VNno0XiW26F6tf8JFaGPHmivK2eT1NN81weCaz9l5mrreR6RLrsAkyHGCa0E1OCSDcrg8eteTPcno74/GpoNSmjH7uYEemaPZC9vc9Ng1SOSQhmGBWgt9D2IryZNVuFfO8D8auL4gnQAZzS9k0HtkenC9jA6j86rXGq26qVYjHrXms/it0Ugtj8a53U/GORtWUs390VSptidWJ3uta7axqxDLkV5/rPjUKpW3cljxwa5DUtYu7pmDMyg1mmFwQXBI6mrjSSMpV29jRn17UrqbC3EgJPAUmrOnapftei3luZFzwd2cirng7SorrxTZySjFmjCRiecAc4q74vt7QeMJLjTxi1kPykDvWqgrGPNLudr4B0G+1m63S3TfZo24Ydc/WvY9NvrrT71dNv/mVhiOWvP8A4N3aMt5aOyhy+5FPfpXqeoWaTrG235kbKn0rRJLQltsuk+9C471URyXHoBVhcseOlKwiWhjgUn3RzTd26gCrcHjNczrMnGK6S6YAVyGsS5fFbU1qRN2RkZzRxTQaWuk84XmjNFFACin0wUvNADqMUgNLmgYUhNBNNJpiFzTSaKaaBBmmk0UhoAbRS5ptMAzTSaU02gBKbSmkNAiIU6minjpTAATTqbSikAtAopRQMUUtApaAFFLTaWgBwpaaKXBoAcKWkFLSAWlpKWkAYopaKBiUUcUUANNNpxptAAKWkpaAGmkp+KQigBuaQ0pptADTSUpptAATTTQaQmgBDUZ607NNNAEbVGakJqM0AMaozTyajagBjHFQycoalc1C1IZ1nhe7VrRAx5AxXVRP5p4Nea6NcmGRkB6Gu5sNRVYxnqaykjug9DejiCjJp+70rPS7edgFyfpU1xcx2cZeZwG/u96zLJ3lWJCzHFZkt+Znwp+Wsm51KS7k2g/L2q1aR4AzT5bE81zSi6CrCMd1VlYAU77Qqnk0DNEHK1C4wc1At8gHWonv48/eFKzHc1LeQYPNPaYVj/2hCgzvFV5NXU8LRysOZG41xjvULzFuM1gtqDE8mlXUlA5bFVyC5kbEpbYTmljkb7IdhyQtYz6rFtI31Da6qokaPfjNDjoCkbcfiFo4tj9RxVW48RuRhOK564R/NYF++ahXIOMk0uVC5ma1xeHU4ZLac/JKMHNcHdWklvJNEkDuIzhio6CusUxxp5krhUHOag/tl9Tl+x2yhbfozY5aonRU2maU6zgmjhXF9NA8ltaMQvJz6VDDYatcDcI2UHnAr1aG0gsJ4lEaiFvlYeua3P7DgGGiVdpGRgUOnGI+eTPGT4Tmuly7lW96zLvwZqlhIJISxU91r3KXSYypBQAjoahthGjm3uUGOxNPlT2FzPqeFy6LqDR+YBJuXtVWP7YMxl5EkHGK+gLjw9bO4eNF2n0rH1PwfbSK0yRgN7ChRiJtnz1qEV9JfGCWZ8bd1WvCWjR6hqYinT5SRgkda6HX7H7N4pkhb/njx+ldx4K0PT59MsJ02mTbiTHUHmpUdR30OY+JfgOLR7W31G0jIhkjG7HTOK5y18PDUrhoxKsIS38ws3T6GvZvGWG8LX1heyZt4YzICevTjFeTeENLl8Y302miQxB4srIOwBpNWYXOUiv7vSrnyYJSu1wSAeGHpWtBeTajJBbvEoXeXU9+vIrsPGvw8ttD8MhoC8t1blTJMR1z2rjtAiFnb3F3OQxUYUGkPU9A+Gs+NRuQIlDQSF0lP3hx0FemQePrJrs2F05WU8bm7GvCfBGpMnihbaSTyfPkG0scA17Bq+hWL3JkniVJ923Pds/1qlqhHfWbLLHvHIb7p9avAbF7cVznhu2ubSxWNpPMg/5Zk9R7V0S5YbWGPWpkCG4Mh9qWVlhj5606WRYUxVE75W3PwKErgVbqTKE1xmoyGSV8dq6jU5QkTYOMVyk3/Hszt1Y8V0U0Y1XoUhT80ynCtzhHZpaQUvFACinU2loAWgmiimAU00tJQAmKaadSGgQh6Uw9acelMNAAaSiimA2kNOphoAaetJTqSgRXU0/JqMU4GmBKtOqPPpTgaAHClpM04UgExThSUooGLS0UuKAAGlzTe9KKAHUucU2lpAOzS02lBoAWiiikAlFLSUDA0lKabTAMd6KM0maAHZppNJSUgAmmk0pppoAQ02lNNJoAQ0w06mmgBhpjU40wmgBhppNONRmgBpPNRseKc1RMaAGsaiY05jTCaQDY5PJug2cA9a63S57AANdXO0elcdKN647iokJJwzHIqGjopz0PSrjxXZWkPl2KAn+8a5y41ea+lLMxJNc+nXl6uwMOxoSRbk2b9pKABk/WtNb5VH3q5fzZFHy8/Sonupx1BFFg5rHWtqY/vVA+pf7Vcp9rkzgk0v2iQ/xUWDnOkOoN2aq8l457/rWJ5snrSiVv4iaLC5jRe7fP3j+dKl+4461nh8//AK6Xcw6fyp2C5p/bJW6CmM8r1n+ZKOhpvmXPqcUwuXiknv8AnQsTgjOQR71T/f4+aXA9TUT3KxH5pix9F5pAbYkkdvnOOwpLq7h0+3MszjgZAHeuWu9cmi+SBTuPdqzi1zfODPIzkdu1Sy0XZtWm1e6G9isZOAi12/hvT9u0la42y0zM0cg4Oea9R0aJVgTHXFJuyGlqSajbEwcDpVrQ9XVU+y3J+XPDVcnh82ErjtXMSIYp2jPDA8VK95WKvbU78wxzKCpBzWbf6QJ1yBhh0Irn7HX5bJvLlOUrqrPVYLtAVYZ9CazcXFlqSZzRuLvTXCTAlM9a17e6gvbb5SN3oa07m0huoyrqDmuXv9LuNNkM9qTs9OtUmpCd0eU/Em1+w+KrO7IxHICjH/P0qz4UW4XTWlspP39s/wA8WfvLWp4ztf8AhI9Lkg27bpPmjJ4+auF8LeIZ9K1D94MTRjZPG3G5f8aH7sg3R3fivUYvEXha5QZjvI4yHi9RivPPBN9Naa7am0+WeTMWB+P+Fd3qbadq1uLyymWOQjlWO0/QjvXklzNcaHriyQuBJG++MqcilNLRii3ezPYPHeoS2Pge4gvZT9pndVRWHJwa8Vmvna2FunTHzY71c8S+KdV8VX5udQYnHCqi4H5CtjwRoVjea/bW2slo4JOrdB+faoeuxd+hyv22WG4hnLYljxgjtg17dp/ii28VaFZWOq+ZA4KlbpfVema5HVPhxa2vjGa2gu0ksVG9CXGc9h1pLZNSguZIbtIlgjJjCIABt9QR/OqjEiU7H0BpF1HZ2ot5JC8ZX5XYYJNPivtVvI2kt9mFbBUnmvItI8Yy6aI7a7Bu7HP7t1OXj+vc16r4d1OO5tDdWgcwygbd6lT+INNxtqNSTNe3u5HOy4iw4HJp1zcpGnbJqld315KNkEKgn+I1VMcqrmZ8sOtKw7mXq8xYFQfvVg3UvmOEX7sY/Or+ozbp2I6KKxwc8e+a6YI5a8ug8UtIKWtDmFpwpopaAHilpopc0AOopM03caAFNJSZozQIWkpcikzQA0000403NACGm040lMBpptPNNNAhtFLTaAKop1NFOpiHA08Go6UUDJaUUzNOBFIB9FIKWgBwNOBqOnCgB1FHaloGKKXFJmnZpAJSZp1JQAoPFLmm0UALRSUuaQwppp2aaaAG0lLSUwCkzS0hNIAzTTRmkJoAaaZ3p5qM0AITTc0GmHrQANUZp5NMY0ANNRmnE1GTQA1ulRNT2NRMaAGNURNPY1ExpANJ9KjbGc4pzGoyaChS4x0pVnMZ4aomNRE0ilJmpDqLIfvj6VqW+s2x4uIlPvxXJE1GTSsUps75P7HuxwwUn3p7aDbyjMU4596883FSCrEGmy67f2ci+VcleOmaT0LjLm3R3U3h+6T7j5FVX0/UIusW8VzMPj7V4OrK496uxfE66XiS0R/oP/r1PMXZGozXKDH2Nt1QNLqZ+5bY+opB8R3aPebD+X+NMb4gyyKdtiB9f/10XCyHbNZbkIo/4DTh/bO3BVB/tbazp/Gt/IPkiRPwrNvPEWqTIR9oKAj+E0XGkdA1ldMpe7uwFHJw2KwrrVUjlMdmMqp5duc1lpdXVyMS3DyZ/vGr9npbSxs5HWpch8pYi1aGRgLmHn+8K27H7HcD9xMpPoeKxW0V8ZUVUfT7q2begYEd1600waO2gQwv610uk6yIPkk6CvKYdZ1G2OGkZlHZ61bTxVGSBcxFf9pelO6YtUe4WmoW9wvyuOfeq2o6ULhvNiODXnNjrttJhoLtc+gPNbsPiG7CgCfcvpmlya3Q+e+5pz6O5HLc1mEXWnyZV2GPSrI12Vvvr+VPOoQzj58fjVK/UWnQu6f4rePCXAyPWuhj1S1vYvlYYPUE1wdxbxP80bLVEvcWx3IfypOmnqh87R0PiDRxKWntMBxzgV59q/hCLxATJbn7Hqsf8X8Mn/166ZNenUbXcjHrUM16Zn81WTdQ4XVmLnV7o8wu7HxHokpju9PdyON6DOfyrBvLTUNQuVaKymVhwQy17omu3aJsk+ZcdKp3WpCRSPK2571HsivaI8s0vRJbWdJ78DK8qmOAfeurRrafb8ioR1460/UIBMCVFZogmhQk5IrSKSVjOTbdyXWNLvmVJLOZmOf9Zu5I9DWPLqF4Wa1unKkALnPOPrWtBqMqEx847ipPsVldEtJHtY96Vuwr30ZR0aydr+MJIQpPOD1r3vQWFvYRxAgACvOvD+kaUpAabafrXf2kNnBGPKu93oM0pbGkdDcaXPrj61m6jchIm55pTcALw2awNWvRtPPTrUxjqW2UbmXKH1Y1VH8qijdpF8x+/QVJXQlocE5XY8GnA1GKdmqJJM0opgNLmgRJRmmZooAfSU2loAKM0UlABmikpM0AFGKM0UCEIpCaWmmmAhptOppoAQmkzSE00tzTAgFOFMBp9AhwpwFNpwoAMU7FJmlFAx1LmkFLSAWlpBS0AKOtOzTaWgBRTgaaKWkMfRTQaXNAC0HpRmigBtGaKSgBSabmg0UAFNzTqaaBhTTSmmmgQlNJpaYaAFNMJoJppNIYE1GxpxNRtQAmaYTQaYaAEY1Gxp5FRmgQw1G3SnMaYTxQMjNRMakY1Cx5pAhpNRsacTUbGgY0moyaVjxUZPFIaGk1GaUmmE0DELcisa/mzOVz0rX9cc8VgXUcpmZivGazka01qRFvemq2W7UhB7g0q9ag2NGPmAHGeanRc44o0y3a5jx15rpLTRCYt5U1SEc3KDwD61s2uitc2yyheopLzTSg6d67zw1YrJpEY284oY1ucQdFaABiD+Vdfo+khrCPK/e5rX1DSQbXhea2bGwENnCmOQgFTexdjFTR1xjbQ+hIwwUHPtXVC2HpUq2oPajmHY4C78KQyKf3Yz61zGq+D5IYy0QPsK9oNmpHSqN5p6MuCBz7UXQuU+fJtOurZvmVuKjW6vIG+WeRMV7VdeHoZc5QflXP3fg6N2JCfpTRLRwkOuapFyt25+uKvW/i/UYj++RZFrTuvCTxA7VNYtxok8RxtNWRY6C28WxXGBhVbuM1fGtxFcshAPeuDazMRywxj0qB9RuLc4hZuOxFO4rHof8AaFlN/Hg+lGbd/uyhfcVwkGuZwLiAZ/vKTmti2u7OVNwudh9DTuJo6ZQvaYH61KAp/iU1gLcWoH/H2Pzp32y1A5u6Lkm6bdGHIH4Ux7CNhjFYh1OzXrcsfpTDrlkvSWU/hRoPU0W0SLfuGKnSwiThgDWIfEduPuo7fWo38TEfch/M0aBqdGlrbq3Bx9K1LB4oiCJM/jXFp4jkNuZGgXj3q5ba60yqRCBu96NBpM7yXVljTFZE8xuny33apwjzVDHn2zVgDApxRnUm1oSdeentTwaiAqRaswHbqUGkApwFAxRTqSlFAhRTqSigBaKbmjNADs0lNzS0AFNNLmm0xBRmimmgAzSc0maDQAZppPFFIaAG0hFOzTTTAgFOpoNOoEOBpwpgFOoAWnU2nUDFyacDTaWkA7NKDTaUUAOpwptFAD6WminUAFKPegUlIY7NJSUZoAdSUmaKACkopKBgaTNBpKBATTTS000AIaYacaaelADDTDUhppFAEZphNPNRmgBpqM040w0ANJpjGnNUTGgBrGo26U5jURPFIYxqiapGqFjzSBDWNRsacxqMmkMYxqNjT2qJjQNDCajNOJqMmkMM/e+lVSMrirS87qRIckColubU9il5Kn+EflTWgj/uCtX7NgVC0G0HipNDo/DOmRS2MciLyzkH9K7ZNMWO2xt61j+CIN+kw8f8tG/kK7l7f5FGKdykjg9V04LnArofCcYWxUUavb/ORjtVnw3Gf7PbHVSab2GtzZvLUNCuB1NTKhRtrDgdKfBKJ4gh6qaueXzk9CaxZZCij0qdVAHSlWMdakApMYKqmoLiEFuBVjBzTH5Y5pXAotbAnpUTWak8itEAGk2AnFVcRh3NgjA/KKwL7RVcnC13jW4KniqklmD2q1Mlq55PqPh13JwtYcnhVy2Spr2iXTkPVRWddWEYGAoq1JMhxPH5fD/l8bapyaWYxwK9MvLJcn5aw7jT+vy1RJwjwSR9VqPoORXXTaflTlaybnTsZIFIEjFPSmjrU8tu8ZqAKc0rjsSihjQoNI4oEW0X/RWz0atjSYsxqMdKzY0zCq+1dBpMXzYoGkdBAmIc46CnA8VZEWLf/gNUxWkNjnrLUmzTgajHSnCrMSUGnZqMGnA0wH5pc03NG6gB+aM0zNLmkA6lpuaM0ALxRmm0UxCmkozSZoAWm0ZozQAmKSnU2gApppe9ITQA0immnE03PFMRXFOpopRQA8GnZpoooAfSiminUAOFLTRS0DHUtNpwpALRSUtADhThTAaeKAFoopKBjqSkooAKKKMUAJSUtIRQAU2lNNoAQ0lLTaQCGkNGaaTQAGoz1p5NRmgBpphpxpjGkAw0xqVjTCaYDWqJqexqJjQAxqiY8VIxqFjQMYxqI08mo2NSxoaxqJjT2NRMaQDWNRMacxqMmgaGNUZp5NRmkxk0Cb1/GtC3tMkEVWsF3D8a6G3tyADjtUNHRT2KX2JmJwO1VZrRgucdTXSQp94kHpVSZB5UfuTU2NLo6bwHbkabFkY+dv5Cu2aLLL7VzvgpFOnxYHQmurK/N+FS9ylsczq0eZiPapPDQ2xMv+0afqy4nNN0P5dw6ZarewdTUEDRaiGB+QjmtFMFODUaKHk55G3mnRoVbCjIzWTLRYVacBRuA4PBpVIzipAU1A3LGpz0JqueKAF7U3kGlB4opiJFkwMGkZlxUTVEzU7AMnk4rMn5yc1pcscYzTHtUlGGGKpOwrHOTW+8k7fxqjLZ+1dW2nYX5SKqvp7d1zV8xPKcjLZe1ZV1YZzha7iSxPpWfcWPtTvcLHn9xpmc/LVA6Vz92u/k04EdKrPpYH8NFgOJGm8dKjfTT6V2raZj+GoZdPAXpQS0csLch1FdDpUOGU9+9NGnFp8hc1uWViItpYYNA7F4Q5hYY6LWQM5xXTRw5hOO4rm24kI96umznr9BQeKeDUeeadWpzjhTgaYKdQIdmlplOzQA6lpgNOoAUUopOaUdKAFozikzSUALSUZozQAlFLSUAGKQ0E03OaAEJptPNNoAaaQ0pNNNMRXBpwNRinCgRKKWm0tAx2aXNNpRQA8UtNpaAH0opgNKGoGPoo7UlIBRTgaZmlBoAlBo700GlzQA6kNJmkoAM0bqaaSgLj80E0zJzS5oC4tNpc8U00DEpppxNMNIQhNMJpxqM0AIaQmg9KjJoAUmomPNOY1GxoGNY1GTTmNRE0AIxqMmnE1G1ADGNRMeKe1RsaQxhqJjT2NRNSGhjGoyae1RmkAxqiNPNRk0DQwmoyacajY0hmzpifug3vXY2cAaJeO1cxpqYt0HY812umIGhFSzphsRG2CKTisye2IAPoa6G4TanSs90HlsTSRTOl8FxbNPWup2/MTWF4RUf2epx2rotvBrOW5pHY5rW1wdwqvpvCBh61p6tHvib2FZem5Ee33quhPU3oJGDMV52jpV+K7VvnCD5vlA9KyYRLh3h5YHp61PbxXnnO8aKwY5KE4wayki0adwYsK24Kx9aaFZcE96YsTt/r1G70Hang7Mr296XQY7PymqxPNSb+DTCARTQCClIJFNAINTLgigRVkBxUYBzV1oxVaRCDxVJiYsQ+anuB6U23+ZqnIqXuNEAAIphyp5PFS4IPSkZR1pgQsFbqtQSWkTn5lq3ik60JhYzW02A9jULaTD71rbeaTbVXYrGFJp0SHgVVntYwvCZrfmjqjLFwapMloxFtwDkIBUscOZQKutCFQk8UltES+cU7hYmjjwpFcldDZdyL6NXchFCe9cZqibNSmHqc1dLcwxC91FXNPzUY6U7NbHIPBp2ajBpwoAfS0zNKDQA6n0wU7NAC0ZpM0m6gBaXNM3UZoAeTSZpuaTNADiaSiigA70hNITTc0CHE03NJQTxTAQ0dqaTRnigRWFPFFFAD6WiigY6iiigBwpwFFFAhcUlFFAx46UGiikAoooooAcKdRRQMKKKKAGmkoooEJSGiigBN2KN2aKKBiE0wmiikAwmmHNFFADSaYaKKYDGNRsaKKQEZNRtRRQBGaiaiigBhqFqKKRQw1E1FFIaImNRk0UUhkbVEetFFAyJjzTOpxRRSA6zTY/9FT6V1ujtxtooqXsdMDQvlGwVl3IIi470UUkWztPCaY0tD/sit1jtjY+lFFZS+I0jsYV9PuVh7Vl2x2gc96KKtEPc17K5aJ+B8rNz+Vbkb/PuA6jqOKKKzkWiRiCeKYwBFFFShlWT5aVeaKKoQ4ilQ4NFFAEpOaidA1FFJDGwoI5and1x0oopPcERYU9DSGB8cc0UUxETIynmkB9RRRQA7aCKQiiimIidfWqcyjaaKKpCZTlRpTsjGasW9uEK7jzRRTAtSKM/KK4vxCuzUsjuoP60UVdLcxxHwGTmnA0UV0HEOFPFFFAC0ooooEOpM0UUDFpKKKACiiigBKM80UUALS5oopgMNJRRQhCUUUUANNJRRQI/9k=', 'profile', 'doctor', 2, 1, 0, 'Kép Dr Teszt Elek', 'Dr Teszt Elek', 0);

-- --------------------------------------------------------

--
-- Tábla szerkezet ehhez a táblához `languages`
--

CREATE TABLE `languages` (
  `id` int(11) NOT NULL,
  `language` varchar(50) NOT NULL
) ENGINE=InnoDB DEFAULT CHARSET=utf8mb4 COLLATE=utf8mb4_general_ci;

--
-- A tábla adatainak kiíratása `languages`
--

INSERT INTO `languages` (`id`, `language`) VALUES
(1, 'Angol'),
(2, 'Német'),
(3, 'Francia'),
(4, 'Orosz'),
(5, 'Ukrán'),
(6, 'Spanyol'),
(7, 'Arab'),
(8, 'Hindi'),
(9, 'Mandarin');

-- --------------------------------------------------------

--
-- Tábla szerkezet ehhez a táblához `link_tokens`
--

CREATE TABLE `link_tokens` (
  `id` int(11) NOT NULL,
  `token` varchar(64) NOT NULL,
  `secret_key` varchar(150) NOT NULL,
  `used` tinyint(1) NOT NULL DEFAULT 0,
  `created_at` timestamp NOT NULL DEFAULT current_timestamp(),
  `deleted` tinyint(1) NOT NULL DEFAULT 0
) ENGINE=InnoDB DEFAULT CHARSET=utf8mb4 COLLATE=utf8mb4_general_ci;

--
-- A tábla adatainak kiíratása `link_tokens`
--

INSERT INTO `link_tokens` (`id`, `token`, `secret_key`, `used`, `created_at`, `deleted`) VALUES
(1, 'bce6d6ce3caf1d9a081ddc3effade0939b8c92079ab7ca31ebda4c8bc932be0e', '6e8570df41ec07b0d0a3587a3a2978ce6e04dc243df04b14a8c8fd7d221f9754', 1, '2025-04-06 18:31:00', 0),
(2, 'f0b5c561d42f17d14bbc45a016480a9999fd8257d14b9cbfd97dda421ab9a654', 'f492c9923e89982374b94959766d18a50161099f1d8d98cd8da831601641e625', 1, '2025-04-06 18:38:55', 0),
(3, 'e5384cac68a659eff25189f91ac3dc1b86933bd966097570a42f59fc0c1f67ea', 'cf8fd176f14a817b864e6a6de1e498be5f81d5ae0ce498be40b6ff3b156e4b91', 0, '2025-04-06 18:42:46', 0),
(4, 'd9bbc2f4b6d230a2273b70adc8b120270722befa3e87dbe6a61b6b02d6b05016', 'bd91f5cb6b35e2058f4883d4c73cbf71756d091c0023d1eb536e46976f068616', 1, '2025-04-06 18:43:01', 0),
(5, '6e7dc74c38a62a552fe73e7de5f5455d0b513ccc279e20df84027cf4cf72c5cb', '80334c637521ee0513a4ceff0231d21804a3832f3ec64c95ac372f5bf675f017', 1, '2025-04-06 18:45:01', 0),
(6, '0531937ddea255f3c2f7c7aa42835f535d462b56efccd17b62d3f10713196f40', '87d2adef89bad6a5ae0e5d6c3c44e1f6863e9a9758b60aa99672effced3387be', 1, '2025-04-06 18:45:56', 0),
(7, '01ca4e4ad4eae9cc54d1e626aab8a9d564a748311ffe2b1126af6bacb744d5cd', 'd69b1da40ae64ebe5e2616278883198e52095ce715e7f26a529eb37592722ac5', 0, '2025-04-06 19:19:46', 0),
(8, 'e70613e2d0358c7ac39fe2339c947a09acf1ef616271d8e9ec56bddca81a1c8e', '8220e534ec9dcd884fb1d268eade12dd356a9b939c2e716b06cbf57b88679e38', 1, '2025-04-06 19:21:12', 0),
(9, '1effd7916191cffb56aa6a9d9d7371c87a193015b706c3ae314b6f4aeacc88fb', 'cda238ba823f94f62dc6ac550509ab623c556c6c259897d2090f0b03b57fc4ad', 0, '2025-04-06 19:37:24', 0),
(10, '5a4e66e50f1abd77161ca58a783ec67031d695e4c2cfcc2b6c3b15c390d737e8', '82a7d052c6b61bb57018b84e1b431a42ca520d090108191132dd1ce0a99ea8e1', 1, '2025-04-06 19:37:30', 0);

-- --------------------------------------------------------

--
-- Tábla szerkezet ehhez a táblához `phonenumber`
--

CREATE TABLE `phonenumber` (
  `id` int(11) NOT NULL,
  `phone_number` varchar(11) NOT NULL,
  `type` varchar(50) NOT NULL,
  `public` tinyint(1) NOT NULL DEFAULT 1,
  `deleted` tinyint(1) NOT NULL DEFAULT 0
) ENGINE=InnoDB DEFAULT CHARSET=utf8mb4 COLLATE=utf8mb4_general_ci;

--
-- A tábla adatainak kiíratása `phonenumber`
--

INSERT INTO `phonenumber` (`id`, `phone_number`, `type`, `public`, `deleted`) VALUES
(1, '0614653131', 'company', 1, 0),
(2, '06706598888', 'company', 1, 0),
(3, '0617733333', 'company', 1, 0),
(4, '0613776737', 'company', 1, 0),
(5, '0614653131', 'hospital', 1, 0),
(6, '06205126545', 'doctor', 1, 0);

-- --------------------------------------------------------

--
-- Tábla szerkezet ehhez a táblához `reservations`
--

CREATE TABLE `reservations` (
  `id` int(11) NOT NULL,
  `datetime` datetime NOT NULL,
  `reserved_at` timestamp NOT NULL DEFAULT current_timestamp(),
  `user_id` int(11) NOT NULL,
  `hospital_id` int(11) NOT NULL,
  `doctor_id` int(11) DEFAULT NULL,
  `service_id` int(11) NOT NULL,
  `fulfilled` tinyint(1) NOT NULL DEFAULT 0,
  `type` varchar(20) NOT NULL,
  `deleted` tinyint(1) NOT NULL DEFAULT 0,
  `price` int(11) NOT NULL
) ENGINE=InnoDB DEFAULT CHARSET=utf8mb4 COLLATE=utf8mb4_general_ci;

--
-- A tábla adatainak kiíratása `reservations`
--

INSERT INTO `reservations` (`id`, `datetime`, `reserved_at`, `user_id`, `hospital_id`, `doctor_id`, `service_id`, `fulfilled`, `type`, `deleted`, `price`) VALUES
(1, '2025-04-07 08:00:00', '2025-04-06 19:40:42', 3, 1, 2, 1, 0, 'user', 0, 15000);

-- --------------------------------------------------------

--
-- Tábla szerkezet ehhez a táblához `roles`
--

CREATE TABLE `roles` (
  `id` int(11) NOT NULL,
  `name` varchar(20) NOT NULL,
  `description` varchar(255) NOT NULL,
  `tags` longtext CHARACTER SET utf8mb4 COLLATE utf8mb4_bin NOT NULL,
  `deleted` tinyint(1) NOT NULL DEFAULT 0
) ENGINE=InnoDB DEFAULT CHARSET=utf8mb4 COLLATE=utf8mb4_general_ci;

--
-- A tábla adatainak kiíratása `roles`
--

INSERT INTO `roles` (`id`, `name`, `description`, `tags`, `deleted`) VALUES
(1, 'Webfelhasználó', 'Alap felhasználó, semmilyen különleges jog, hozzáférés.', '{\"role_identifier\": \"basic\", \"web_login\": 1, \"api_endpoints\": [58, 62, 64, 81, 82, 85, 87, 111]}', 0),
(2, 'Doktor', 'Doktor felhasználó', '{\"role_identifier\": \"doctor\", \"web_login\": 0, \"api_endpoints\": [3, 4, 12, 14, 15, 16, 17, 19, 20, 21, 22, 62, 80, 86, 88, 89, 90, 106, 115, 116, 117, 129, 130, 131, 132, 134, 135, 136, 137, 138, 139, 140, 141, 144, 145]}', 0),
(3, 'Kórház', 'Kórház felhasználó', '{\"role_identifier\": \"hospital\", \"web_login\": 0, \"api_endpoints\": [4, 5, 8, 24, 25, 26, 28, 29, 30, 34, 36, 62, 70, 72, 74, 91, 92, 93, 106, 118, 119, 120, 121, 122, 123, 144]}', 0),
(4, 'Cég', 'Cég felhasználó', '{\"role_identifier\": \"company\", \"web_login\": 0,  \"api_endpoints\": [4, 5, 6, 8, 9, 24, 25, 26, 27, 28, 29, 30, 31, 33, 34, 35, 36, 39, 40, 41, 42, 44, 45, 46, 47, 48, 52, 53, 54, 62, 67, 70, 71, 72, 74, 91, 92, 93, 94, 95, 96, 97, 106, 118, 119, 120, 121, 122, 123, 124, 125, 126, 127, 142, 144]}', 0),
(5, 'Admin', 'Admin felhasználó, minden jog.', '{\"role_identifier\": \"admin\", \"web_login\": 0, \"api_endpoints\": \"ALL\"}', 0),
(6, 'Regisztrált', 'Email megerősítésre vár', '{\"role_identifier\": \"default\", \"web_login\": 1, \"api_endpoints\": [58, 81, 82, 87, 112]}', 0);

-- --------------------------------------------------------

--
-- Tábla szerkezet ehhez a táblához `services`
--

CREATE TABLE `services` (
  `id` int(11) NOT NULL,
  `name` varchar(50) NOT NULL,
  `description` text NOT NULL,
  `slug` varchar(50) NOT NULL,
  `deleted` tinyint(1) NOT NULL DEFAULT 0
) ENGINE=InnoDB DEFAULT CHARSET=utf8mb4 COLLATE=utf8mb4_general_ci;

--
-- A tábla adatainak kiíratása `services`
--

INSERT INTO `services` (`id`, `name`, `description`, `slug`, `deleted`) VALUES
(1, 'Ágyéki gerinc MR vizsgálat', 'Az ágyéki vagy lumbális (lumbosacralis) gerincszakasz MR vizsgálatával meghatározhatóak a gerincoszlop elváltozásai, a porckorong betegségei, a csontvelő és a csigolya környéki eltérések. Segítségével ellenőrizhetők a műtétek utáni hegek. MR vizsgálatot a lumbális szakaszon leggyakrabban porckorongsérv (discus hernia) és fejlődési rendellenességek gyanúja esetén végezzük.', 'Agyeki-gerinc-mr-vizsgalat', 0),
(2, 'Belső fül CT vizsgálat', 'Ezzel a CT vizsgálattal a belső fül finom csontszerkezetét és a hallójáratokat látja a szakember. Krónikus gyulladások esetén, a hallócsontokat is ellenőrizhetjük vele, valamint a légtartóssági viszonyok vizsgálatára is alkalmas. A CT, azaz komputertomográfia egy speciális röntgen vizsgálat, mely a röntgensugarakat felhasználva készít anatómiailag pontos felvételeket az emberi testről és a belső szervekről.', 'belso-ful-ct-vizsgalat', 0),
(3, 'Azonnali sürgős ellátás', 'Akár már enyhe tünetek is komoly betegséget jelezhetnek. Ha időben orvoshoz fordulunk, a szakszerű segítség és a korai diagnosztika súlyos következményektől menthet meg.  Enyhe mellkasi vagy hasi fájdalom, felső légúti tünetek, láz, felfázás, deréktáji panaszok, vagy akár háztartási balesetek esetén is forduljon hozzánk! Orvosaink, szakképzett asszisztencia, sürgős labor-, röntgen- és CT-vizsgálatok várakozás nélkül rendelkezésre állnak. Gyógyszertárunk is elérhető a rendelési idő alatt.', 'azonnali-surgos-ellatas', 0),
(4, 'Az első szülész-nőgyógyász szakorvosi vizsgálat', 'Lehetőség szerint a 12. várandóssági hétig javasolt rá sort keríteni. Ez a vizsgálat szolgál a várandósgondozásba vétel alapjául, és ekkor történik a szülés várható időpontjának az elsődleges meghatározása is, melynek része a méhen belüli várandósság igazolása bimanuális vizsgálattal, hüvelyi ultrahangos vizsgálattal, esetleg laboratóriumi várandóssági próbával, valamint kolposzkópia, amennyiben esedékes cytologiai mintavétel, emlők vizsgálata, testsúly, testmagasságmérés, tanácsadás.', 'az-elso-szulesz-nogyogyasz-szakorvosi-vizsgalat', 0),
(5, 'Nyugalmi EKG', ' A nyugalmi EKG vizsgálat semmiféle előkészületet nem igényel a páciens részéről, vizsgálat közben a páciens hanyatt fekszik, a törzsére és a végtagjaira elektródákat helyeznek. A vizsgálat a szívműködést kísérő elektromos tevékenységről, annak változásairól ad képet. Az EKG-görbét egy monitoron jeleníti meg a készülék, melyet papírszalagra rajzolt görbék formájában is kinyomtat. A vizsgálat közben nem lehet sem mozogni, sem beszélni, végig nyugodt pozícióban kell maradni.', 'nyugalmi-ekg', 0),
(6, 'Urológiai szakorvosi vizsgálat', 'Az urológiai szakorvosi vizsgálat során lehetőség van a vese, húgyhólyag, húgycső és húgyvezeték fejlődési rendellenességeinek, daganatainak, köveinek, gyulladásos megbetegedéseinek kivizsgálására, valamint a férfi nemi szervek, prosztata, ondóhólyag, hímvessző, here daganatainak, a prosztata jóindulatú megnagyobbodásának, a férfi nemi szervek működésének, gyulladásos megbetegedéseinek kivizsgálására és kezelésére. Urológusaink rendelkezésre állunk vizelettartási, ürítési zavarok, férfi klimax, merevedési zavar, korai magömlés kivizsgálására és kezelésére is.', 'urologiai-szakorvosi-vizsgalat', 0),
(7, 'Gasztroenterológiai szakorvosi vizsgálat', 'Az emésztőszervi problémák súlyossága sokszor nem áll arányban a panaszok súlyosságával: enyhe panasz vagy tünet hátterében állhat akár súlyos betegség, illetve fordítva, sokszor komoly vagy riadalmat keltő panaszokat enyhe elváltozások okoznak. Ezért fontos, hogy ismételt panaszok esetén szakorvoshoz forduljunk, aki megfelelően tudja értékelni a panaszokat és tüneteket, és elvégzi a szükséges kivizsgálást.', 'gasztroenterologiai-szakorvosi-vizsgalat', 0),
(8, 'Krónikus migrén kezelése', 'A krónikus migrén, a szem körüli vagy a nyakizmok akaratlan és ismétlődő izomösszehúzódása botulinum toxin injekcióval eredményesen kezelhető. Bár a botox-kezelésről sokaknak a ránctalanság jut eszébe elsőre, korántsen csupán sztár-hóbort vagy szépészeti eljárás. A botox-kezelés csökkentheti a fejfájások, tikkelések, izomrángások mértékét és gyakoriságát, sokszor teljesen megszüntetve a problémát.', 'kronikus-migren-kezelese', 0),
(9, 'Kardiológiai szakorvosi vizsgálat + szív ultrahang', 'Szívünk mesterien kivitelezett pumpa, melyet apró elektromos automatika tart működésben. Az impulzusokat a pitvar falában található szinusz csomó hozza létre. A komplex kardiológiai kivizsgálás azt hivatott feltérképezni, hogy van-e bármilyen eltérés vagy meghibásodás a szív működésében, a pontos diagnózist így célzott kezelés követheti.', 'kardiologiai-szakorvosi-vizsgalat-+-sziv-ultrahang', 0),
(10, 'Gerincgyógyászat', 'Az egyik leggyakoribb mozgásszervi panasz, amellyel reumatológushoz, ortopéd szakorvoshoz, vagy gerincgyógyászhoz (újabban alternatív medicinákhoz) fordulnak hazánkban a derékfájdalom, illetve a nyaki vagy háti panaszok, időnként végtagfájdalommal párosulva. A magyar lakosság majdnem 80 százaléka szenved életében legalább egyszer valamilyen gerinctáji fájdalomtól. Ezeken a tüneteken túl a gerincoszlop egyéb kóros elváltozásai, komplex mozgásszervi eltérések, deformitások, korrekciók és a végtagi fájdalomszindrómák is a gerincgyógyász ellátási köréhez tartozhatnak.', 'gerincgyogyaszat', 0),
(11, 'Proktológia', 'A proktológia az általános sebészet speciális szakterülete, mely a végbél betegségeinek vizsgálatával és kezelésével foglalkozik. A proktológus vizsgálja az aranyérbetegséget (külső, belső, illetve trombotizált aranyeres csomókat), a végbélnyílás környékének gyulladásos folyamatait (tályogok, sipolyok), jóindulatú daganatait (polipok), a végbél alsó szakaszának és az ánusznyílásnak a különböző egyéb elváltozásait (végbélrepedés, krónikus fájdalom, viszketés).', 'proktologia', 0),
(12, 'Testplasztika', 'Akár a kor, a várandósság vagy a testsúlyingadozás hagy nyomot a testen, az esztétikus látvány testplasztika segítségével újra megteremthető. Plasztikai sebészeink a legkorszerűbb eljárásokkal és végleges alakformáló technikákkal gondoskodnak az ideális testkép eléréséről. Hasplasztikai, combplasztikai és vádliplasztikai, illetve további területeket érintő beavatkozásokat is végzünk. Természetesen, ha kifejezetten zsírleszívásra van szüksége, abban is készséggel állunk a rendelkezésére.', 'testplasztika', 0),
(13, 'Arcplasztika', 'Az arcplasztikai beavatkozások azok számára lehet ideális választás, akik fiatalabb megjelenésre és feszesebb arcvonásokra vágynak. Sajnos az öregedés jelei egy idő után már semmilyen arcápoló készítménnyel vagy esztétikai beavatkozással nem javíthatók jelentősen, ezért ilyenkor a plasztikai sebészet nyújthat hosszú távon is valóban látványos eredményt. Szakorvosainkkal kizárólag a legmodernebb sebészeti eljárásokkal dolgozunk. Magánkórházunkban az arcfelvarráson kívül szemhéj- és orrplasztikai, továbbá fül- és nyakplasztikai beavatkozások is elérhetők. Érdemes kiemelni a saját zsírral való feltöltést is, amely természetes módon, mesterséges hatóanyagok nélkül segít elérni a fiatalos arcvonásokat. Jelentkezzen konzultációra, és tudjon meg többet a beavatkozásokról!', 'arcplasztika', 0);

-- --------------------------------------------------------

--
-- Tábla szerkezet ehhez a táblához `tokens`
--

CREATE TABLE `tokens` (
  `id` int(11) NOT NULL,
  `user_id` int(11) DEFAULT NULL,
  `access_token` varchar(64) NOT NULL,
  `expires_at` datetime NOT NULL
) ENGINE=InnoDB DEFAULT CHARSET=utf8mb4 COLLATE=utf8mb4_general_ci;

--
-- A tábla adatainak kiíratása `tokens`
--

INSERT INTO `tokens` (`id`, `user_id`, `access_token`, `expires_at`) VALUES
(1, 1, 'bbfb4a53a7bbe16af4a0f6487a3b3cad08b75a833ce9ff15605dca60809c99a1', '2025-04-06 19:42:18'),
(2, 1, '73ab0058a94dce6391e09ff3fe24abe827843a60aaa0f4c12da07e439b8b13fb', '2025-04-06 19:52:26'),
(3, 1, 'd2a4f41e58851abcafeeb6996b4b9ceb6405d77a0d4bc5261db361b8277b08d5', '2025-04-06 20:12:33'),
(4, 1, 'c53bc4461ec680c6f410ed272e4782c1085205bbec8fe3ad3f26e375287c2904', '2025-04-06 20:22:46'),
(5, 1, '1afe450c94983af34c911a019f68ec4457708f4934bfbfee7a7d2d2f0e7e09d9', '2025-04-06 20:31:34'),
(6, NULL, '61995bc47a7fe26d858321c8debe99623462d73d8cef48e537de8e93d8be7d45', '2025-04-06 21:28:19'),
(7, 1, 'ed679c032397059bc36492e95b9dbafcba92a14c99f4e84dbc852779ac9b364c', '2025-04-06 20:39:53'),
(8, 1, '866fc1d2a18884436a158399ef9b04bdd71e77d67a120b806401134ac77538f9', '2025-04-06 20:43:45'),
(9, 2, '3d5c4833004eec21cecfd2da19589a7337e81596cb1d2b92a1193dba86bc029f', '2025-04-06 20:48:53'),
(10, 2, '7c140c3fb05a453960b887835498393761ca656dc9ea0978bde08cd6a11f6c9d', '2025-04-06 20:39:25'),
(11, NULL, 'abd5cb357461f1da6650bbe4e0e30b0b56eadec877239daf1fda0a6af7259c4e', '2025-04-06 21:39:22'),
(12, 1, '118c19214e1c884cfcd79811490fc5fa090e43325ffd8b3c431e3cb2c1cfa2be', '2025-04-06 20:50:15'),
(13, 2, 'dfe5fea8e0a045b9e09b78a014db87569b48164348891a055a3f3a7658b8cd59', '2025-04-06 20:52:42'),
(14, 2, '3e01d5e4c9a388e21979c58c6274b5f0a73c981890ee52103f0ff65722f1d87c', '2025-04-06 20:43:16'),
(15, NULL, '0498348e84c958ad227dcb64d0fb7def78b7e7f67379ace0169d42f02b1455fd', '2025-04-06 21:42:52'),
(16, 2, 'e9df5e934d9edab28a362abb9b9716fb8543e6f41395612fe67047b4fda4890c', '2025-04-06 20:43:31'),
(17, 2, '8dfa5787dcb1b5092ef6b2bdcec3a243185370ef542fe118e17eb4ecde5fab92', '2025-04-06 20:53:34'),
(18, 1, '1d3c6775e07f2ed83af8747efaa92ec21c0b9426eb184b8c5bbf631276597525', '2025-04-06 20:54:16'),
(19, 2, '219c98c89599fd1c2522fc5520fb670ff227ab73f5ca8febcc0d9b7761f87d73', '2025-04-06 20:54:58'),
(20, 2, '992aae520d00739a440451a109ce89c295da4a40e985691fa7a0c531c6889a15', '2025-04-06 20:45:31'),
(21, 2, 'c57640911e894cf0a11f8d5ab66fa97378e24f3c8f96b961a11653135c988fb3', '2025-04-06 20:46:26'),
(22, NULL, '1b946ed744a942b4e24d845005a110eb00fd7e2b15789d36dd80e2e6af83f489', '2025-04-06 21:46:26'),
(23, 1, '165b44320eac50d69a31fd4a24c29e48232309d32cca37ce444323f3134409a5', '2025-04-06 21:27:10'),
(24, 1, '1bd01d3c5a880a8323876a0026fe62f093916570220cfb166e66ee286ec91902', '2025-04-06 21:27:15'),
(25, 3, '633a821418cde22f3ef6e2ee9eaa2c71c2c14a7af7faf549f0e15b3a06ea71e4', '2025-04-06 21:29:47'),
(26, 2, 'a5f3d68a8f766a4657c11793d87c86eadd73da94537f1576f8c186866eaa8715', '2025-04-06 21:44:16'),
(27, 2, '713b82da2831a35b0104884b7a68f7e080ebe9e1de1e0db3f1ab72094672d0c2', '2025-04-06 21:37:53'),
(28, 2, '349657c014e706d7c8217f653ef8dc574930d104a2aa371e7cd04cf622f9499c', '2025-04-06 21:37:59'),
(29, 2, 'b1f2dce075e0e4b8f8fac46f9ca7df1fd3fe1f5d72ee023820b3bb1b53ab94bf', '2025-04-06 21:49:48'),
(30, NULL, 'ec83922ffe0e3f9a0bd7032c21e11a79c2e010470a702e0d1f776da51e714d47', '2025-04-06 22:39:51'),
(31, 3, '04d6553e106c48818021b9407317b3df8c3bdec409dd9cfee23ff5bc06aaa264', '2025-04-06 21:50:32'),
(32, 2, '5166299d358f62d2f1e180c5668dedd4b44192a2647d82729def9a9ef9e8faf2', '2025-04-06 21:51:47'),
(33, 1, '00aef3f8e5da7495140aea036785d2fe56118001f54a8ad1c8c9f4f7fe7fd423', '2025-04-06 21:58:17'),
(34, 1, '27d20fb62278ff8af95aa59a73a3c415e5d7f032693767d4f17d91fab67f2c84', '2025-04-06 22:08:46'),
(35, 1, '03dd95da2c8b69a5fb6b5faf25c718c5eac7fb729e28d23ce374b379a82a5314', '2025-04-06 22:18:54');

-- --------------------------------------------------------

--
-- Tábla szerkezet ehhez a táblához `users`
--

CREATE TABLE `users` (
  `id` int(11) NOT NULL,
  `name` varchar(65) DEFAULT NULL,
  `email` varchar(100) NOT NULL,
  `password` varchar(64) DEFAULT NULL,
  `role_id` int(11) NOT NULL,
  `deleted` tinyint(1) NOT NULL DEFAULT 0
) ENGINE=InnoDB DEFAULT CHARSET=utf8mb4 COLLATE=utf8mb4_general_ci;

--
-- A tábla adatainak kiíratása `users`
--

INSERT INTO `users` (`id`, `name`, `email`, `password`, `role_id`, `deleted`) VALUES
(1, 'Bábi Levente', 'babilevi13@gmail.com', 'fae5b91bcd75a4acabfad480e178b837d98d44887d782ab69f1898bfba8ca832', 5, 0),
(2, 'Dr Teszt Elek', 'teszt.elek@gmail.com', '26d64b2a59781eb23a837d90ff41d05b72e2979300eb3bba343da28c82c24176', 2, 0),
(3, 'O Lajos', 'o.lajos@gmail.com', 'cf0201e9a6cd2fe2b7f3d0b02b684c74a1b225017c0af7afc856c0e64d3230da', 1, 0);

-- --------------------------------------------------------

--
-- Tábla szerkezet ehhez a táblához `user_company`
--

CREATE TABLE `user_company` (
  `user_id` int(11) DEFAULT NULL,
  `company_id` int(11) DEFAULT NULL
) ENGINE=InnoDB DEFAULT CHARSET=utf8mb4 COLLATE=utf8mb4_general_ci;

-- --------------------------------------------------------

--
-- Tábla szerkezet ehhez a táblához `user_data`
--

CREATE TABLE `user_data` (
  `user_id` int(11) NOT NULL,
  `gender_id` int(11) DEFAULT NULL,
  `phone` varchar(11) DEFAULT NULL,
  `TAJ` varchar(9) DEFAULT NULL,
  `address` varchar(255) DEFAULT NULL,
  `birthdate` date NOT NULL,
  `hasTB` tinyint(1) DEFAULT NULL
) ENGINE=InnoDB DEFAULT CHARSET=utf8mb4 COLLATE=utf8mb4_general_ci;

--
-- A tábla adatainak kiíratása `user_data`
--

INSERT INTO `user_data` (`user_id`, `gender_id`, `phone`, `TAJ`, `address`, `birthdate`, `hasTB`) VALUES
(3, 1, '06205896562', '122203352', '2133 Sződliget, Határ út 1', '1999-06-10', 1);

-- --------------------------------------------------------

--
-- Tábla szerkezet ehhez a táblához `user_hospital`
--

CREATE TABLE `user_hospital` (
  `user_id` int(11) DEFAULT NULL,
  `hospital_id` int(11) DEFAULT NULL
) ENGINE=InnoDB DEFAULT CHARSET=utf8mb4 COLLATE=utf8mb4_general_ci;

-- --------------------------------------------------------

--
-- Tábla szerkezet ehhez a táblához `user_logs`
--

CREATE TABLE `user_logs` (
  `id` int(11) NOT NULL,
  `user_id` int(11) DEFAULT NULL,
  `timestamp` timestamp NOT NULL DEFAULT current_timestamp() ON UPDATE current_timestamp(),
  `action` varchar(255) DEFAULT NULL,
  `ip_address` varchar(45) DEFAULT NULL,
  `device_info` text DEFAULT NULL,
  `affected_data_id` int(11) DEFAULT NULL,
  `description` longtext CHARACTER SET utf8mb4 COLLATE utf8mb4_bin DEFAULT NULL CHECK (json_valid(`description`))
) ENGINE=InnoDB DEFAULT CHARSET=utf8mb4 COLLATE=utf8mb4_general_ci;

--
-- A tábla adatainak kiíratása `user_logs`
--

INSERT INTO `user_logs` (`id`, `user_id`, `timestamp`, `action`, `ip_address`, `device_info`, `affected_data_id`, `description`) VALUES
(1, 1, '2025-04-06 17:32:18', 'New token requested', '::1', NULL, NULL, '{\"success\":false}'),
(2, 1, '2025-04-06 17:32:19', 'login', '::1', NULL, NULL, '{\"success\":true}'),
(3, 1, '2025-04-06 17:32:59', 'Add language', '::1', NULL, 1, '{\"success\":true}'),
(4, 1, '2025-04-06 17:33:02', 'Add language', '::1', NULL, 2, '{\"success\":true}'),
(5, 1, '2025-04-06 17:33:06', 'Add language', '::1', NULL, 3, '{\"success\":true}'),
(6, 1, '2025-04-06 17:33:10', 'Add language', '::1', NULL, 4, '{\"success\":true}'),
(7, 1, '2025-04-06 17:33:13', 'Add language', '::1', NULL, 5, '{\"success\":true}'),
(8, 1, '2025-04-06 17:33:16', 'Add language', '::1', NULL, 6, '{\"success\":true}'),
(9, 1, '2025-04-06 17:33:22', 'Add language', '::1', NULL, 7, '{\"success\":true}'),
(10, 1, '2025-04-06 17:33:25', 'Add language', '::1', NULL, 8, '{\"success\":true}'),
(11, 1, '2025-04-06 17:33:28', 'Add language', '::1', NULL, 9, '{\"success\":true}'),
(12, 1, '2025-04-06 17:33:36', 'Add eductaion', '::1', NULL, 1, '{\"success\":true}'),
(13, 1, '2025-04-06 17:33:39', 'Delete eductaion', '::1', NULL, NULL, '{\"success\":true,\"education\":\"\\u2022\\tSemmelweis Orvostudom\\u00e1nyi Egyetem \\u00c1ltal\\u00e1nos Orvostudom\\u00e1nyi Kar \\u00c1ltal\\u00e1nos Orvos Szak\"}'),
(14, 1, '2025-04-06 17:33:46', 'Add eductaion', '::1', NULL, 2, '{\"success\":true}'),
(15, 1, '2025-04-06 17:33:53', 'Add eductaion', '::1', NULL, 3, '{\"success\":true}'),
(16, 1, '2025-04-06 17:33:59', 'Add eductaion', '::1', NULL, 4, '{\"success\":true}'),
(17, 1, '2025-04-06 17:34:07', 'Add eductaion', '::1', NULL, 5, '{\"success\":true}'),
(18, 1, '2025-04-06 17:34:51', 'register company', '::1', NULL, 9, '{\"success\":true}'),
(19, 1, '2025-04-06 17:35:47', 'register company', '::1', NULL, 10, '{\"success\":true}'),
(20, 1, '2025-04-06 17:36:28', 'register company', '::1', NULL, 11, '{\"success\":true}'),
(21, 1, '2025-04-06 17:37:17', 'register company', '::1', NULL, 12, '{\"success\":true}'),
(22, 1, '2025-04-06 17:37:56', 'Register hospital', '::1', NULL, 1, '{\"success\":true}'),
(23, 1, '2025-04-06 17:38:28', 'Register hospital', '::1', NULL, 2, '{\"success\":true}'),
(24, 1, '2025-04-06 17:38:55', 'Register hospital', '::1', NULL, 3, '{\"success\":true}'),
(25, 1, '2025-04-06 17:39:47', 'Register hospital', '::1', NULL, 4, '{\"success\":true}'),
(26, 1, '2025-04-06 17:40:21', 'Register hospital', '::1', NULL, 5, '{\"success\":true}'),
(27, 1, '2025-04-06 17:40:56', 'Register hospital', '::1', NULL, 6, '{\"success\":true}'),
(28, 1, '2025-04-06 17:41:26', 'Register hospital', '::1', NULL, 7, '{\"success\":true}'),
(29, 1, '2025-04-06 17:41:47', 'Add service', '::1', NULL, NULL, '{\"success\":true,\"service_id\":\"1\"}'),
(30, 1, '2025-04-06 17:42:04', 'Add service to company', '::1', NULL, NULL, '{\"success\":true,\"service_id\":\"1\",\"company_id\":\"9\"}'),
(31, 1, '2025-04-06 17:42:27', 'New token requested', '::1', NULL, NULL, '{\"success\":false}'),
(32, 1, '2025-04-06 17:42:27', 'refresh token', '::1', NULL, NULL, '{\"success\":true}'),
(33, 1, '2025-04-06 18:02:33', 'New token requested', '::1', NULL, NULL, '{\"success\":false}'),
(34, 1, '2025-04-06 18:02:33', 'login', '::1', NULL, NULL, '{\"success\":true}'),
(35, 1, '2025-04-06 18:03:24', 'Add service to hospital', '::1', NULL, NULL, '{\"success\":true,\"service_id\":\"1\",\"hospital_id\":\"1\"}'),
(36, 1, '2025-04-06 18:03:39', 'Add service', '::1', NULL, NULL, '{\"success\":true,\"service_id\":\"2\"}'),
(37, 1, '2025-04-06 18:04:14', 'Add service to company', '::1', NULL, NULL, '{\"success\":true,\"service_id\":\"2\",\"company_id\":\"9\"}'),
(38, 1, '2025-04-06 18:04:57', 'Add service', '::1', NULL, NULL, '{\"success\":true,\"service_id\":\"3\"}'),
(39, 1, '2025-04-06 18:05:18', 'Add service to company', '::1', NULL, NULL, '{\"success\":true,\"service_id\":\"3\",\"company_id\":\"9\"}'),
(40, 1, '2025-04-06 18:05:28', 'Add service to hospital', '::1', NULL, NULL, '{\"success\":true,\"service_id\":\"3\",\"hospital_id\":\"2\"}'),
(41, 1, '2025-04-06 18:05:45', 'Add service', '::1', NULL, NULL, '{\"success\":true,\"service_id\":\"4\"}'),
(42, 1, '2025-04-06 18:06:11', 'Add service to company', '::1', NULL, NULL, '{\"success\":true,\"service_id\":\"4\",\"company_id\":\"9\"}'),
(43, 1, '2025-04-06 18:06:26', 'Add service to hospital', '::1', NULL, NULL, '{\"success\":true,\"service_id\":\"4\",\"hospital_id\":\"3\"}'),
(44, 1, '2025-04-06 18:06:54', 'Add service', '::1', NULL, NULL, '{\"success\":true,\"service_id\":\"5\"}'),
(45, 1, '2025-04-06 18:07:08', 'Add service to company', '::1', NULL, NULL, '{\"success\":true,\"service_id\":\"5\",\"company_id\":\"9\"}'),
(46, 1, '2025-04-06 18:07:23', 'Add service to hospital', '::1', NULL, NULL, '{\"success\":true,\"service_id\":\"5\",\"hospital_id\":\"3\"}'),
(47, 1, '2025-04-06 18:07:52', 'Add service', '::1', NULL, NULL, '{\"success\":true,\"service_id\":\"6\"}'),
(48, 1, '2025-04-06 18:08:11', 'Add service to company', '::1', NULL, NULL, '{\"success\":true,\"service_id\":\"6\",\"company_id\":\"10\"}'),
(49, 1, '2025-04-06 18:08:22', 'Add service to hospital', '::1', NULL, NULL, '{\"success\":true,\"service_id\":\"6\",\"hospital_id\":\"4\"}'),
(50, 1, '2025-04-06 18:08:42', 'Add service', '::1', NULL, NULL, '{\"success\":true,\"service_id\":\"7\"}'),
(51, 1, '2025-04-06 18:10:15', 'Add service to company', '::1', NULL, NULL, '{\"success\":true,\"service_id\":\"7\",\"company_id\":\"10\"}'),
(52, 1, '2025-04-06 18:10:26', 'Add service to hospital', '::1', NULL, NULL, '{\"success\":true,\"service_id\":\"7\",\"hospital_id\":\"4\"}'),
(53, 1, '2025-04-06 18:10:41', 'Add service', '::1', NULL, NULL, '{\"success\":true,\"service_id\":\"8\"}'),
(54, 1, '2025-04-06 18:10:57', 'Add service to company', '::1', NULL, NULL, '{\"success\":true,\"service_id\":\"8\",\"company_id\":\"10\"}'),
(55, 1, '2025-04-06 18:11:08', 'Add service to hospital', '::1', NULL, NULL, '{\"success\":true,\"service_id\":\"8\",\"hospital_id\":\"5\"}'),
(56, 1, '2025-04-06 18:11:22', 'Add service', '::1', NULL, NULL, '{\"success\":true,\"service_id\":\"9\"}'),
(57, 1, '2025-04-06 18:11:40', 'Add service to company', '::1', NULL, NULL, '{\"success\":true,\"service_id\":\"9\",\"company_id\":\"10\"}'),
(58, 1, '2025-04-06 18:11:51', 'Add service to hospital', '::1', NULL, NULL, '{\"success\":true,\"service_id\":\"9\",\"hospital_id\":\"5\"}'),
(59, 1, '2025-04-06 18:12:07', 'Add service', '::1', NULL, NULL, '{\"success\":true,\"service_id\":\"10\"}'),
(60, 1, '2025-04-06 18:12:21', 'Add service to company', '::1', NULL, NULL, '{\"success\":true,\"service_id\":\"10\",\"company_id\":\"11\"}'),
(61, 1, '2025-04-06 18:12:30', 'Add service to hospital', '::1', NULL, NULL, '{\"success\":true,\"service_id\":\"10\",\"hospital_id\":\"6\"}'),
(62, 1, '2025-04-06 18:12:46', 'New token requested', '::1', NULL, NULL, '{\"success\":false}'),
(63, 1, '2025-04-06 18:12:46', 'refresh token', '::1', NULL, NULL, '{\"success\":true}'),
(64, 1, '2025-04-06 18:12:46', 'Add service', '::1', NULL, NULL, '{\"success\":true,\"service_id\":\"11\"}'),
(65, 1, '2025-04-06 18:13:10', 'Add service to company', '::1', NULL, NULL, '{\"success\":true,\"service_id\":\"11\",\"company_id\":\"11\"}'),
(66, 1, '2025-04-06 18:13:18', 'Add service to hospital', '::1', NULL, NULL, '{\"success\":true,\"service_id\":\"11\",\"hospital_id\":\"6\"}'),
(67, 1, '2025-04-06 18:13:31', 'Add service', '::1', NULL, NULL, '{\"success\":true,\"service_id\":\"12\"}'),
(68, 1, '2025-04-06 18:13:56', 'Add service to company', '::1', NULL, NULL, '{\"success\":true,\"service_id\":\"12\",\"company_id\":\"12\"}'),
(69, 1, '2025-04-06 18:14:05', 'Add service to hospital', '::1', NULL, NULL, '{\"success\":true,\"service_id\":\"12\",\"hospital_id\":\"7\"}'),
(70, 1, '2025-04-06 18:14:19', 'Add service', '::1', NULL, NULL, '{\"success\":true,\"service_id\":\"13\"}'),
(71, 1, '2025-04-06 18:14:32', 'Add service to company', '::1', NULL, NULL, '{\"success\":true,\"service_id\":\"13\",\"company_id\":\"12\"}'),
(72, 1, '2025-04-06 18:14:39', 'Add service to hospital', '::1', NULL, NULL, '{\"success\":true,\"service_id\":\"13\",\"hospital_id\":\"7\"}'),
(73, 1, '2025-04-06 18:18:25', 'Update profile', '::1', NULL, 1, '{\"success\":true,\"profile_type\":\"hospital\",\"modifiedData\":[{\"old_address\":\"1134 Budapest, V\\u00e1ci \\u00fat 29-31\",\"new_address\":\"1134 Budapest, V\\u00e1ci \\u00fat 29\"},{\"old_open_hours\":null,\"new_open_hours\":\"{\\\"0\\\":[\\\"7:00\\\",\\\"20:00\\\"],\\\"1\\\":[\\\"7:00\\\",\\\"20:00\\\"],\\\"2\\\":[\\\"7:00\\\",\\\"20:00\\\"],\\\"3\\\":[\\\"7:00\\\",\\\"20:00\\\"],\\\"4\\\":[\\\"7:00\\\",\\\"20:00\\\"]}\"}]}'),
(74, 1, '2025-04-06 18:19:47', 'Update profile', '::1', NULL, 1, '{\"success\":true,\"profile_type\":\"hospital\",\"modifiedData\":[{\"old_description\":\"\",\"new_description\":\"A Medicare K\\u00f3rh\\u00e1z \\u00e9s Diagnosztikai K\\u00f6zpont c\\u00e9lja, hogy korszer\\u0171, megb\\u00edzhat\\u00f3 \\u00e9s emberk\\u00f6zpont\\u00fa eg\\u00e9szs\\u00e9g\\u00fcgyi ell\\u00e1t\\u00e1st ny\\u00fajtson minden p\\u00e1ciens sz\\u00e1m\\u00e1ra. Magasan k\\u00e9pzett szakembereinkkel \\u00e9s modern diagnosztikai eszk\\u00f6zeinkkel t\\u00f6reksz\\u00fcnk a gyors \\u00e9s pontos ell\\u00e1t\\u00e1sra, legyen sz\\u00f3 megel\\u0151z\\u00e9sr\\u0151l, vizsg\\u00e1latr\\u00f3l vagy gy\\u00f3gy\\u00edt\\u00e1sr\\u00f3l. Fontos sz\\u00e1munkra a bizalom, az odafigyel\\u00e9s \\u00e9s a szakmai kiv\\u00e1l\\u00f3s\\u00e1g, mert hissz\\u00fck, hogy az eg\\u00e9szs\\u00e9g a legnagyobb \\u00e9rt\\u00e9k.\"}]}'),
(75, 1, '2025-04-06 18:21:06', 'Update profile', '::1', NULL, 2, '{\"success\":true,\"profile_type\":\"hospital\",\"modifiedData\":[{\"old_description\":null,\"new_description\":\"\\u00dcgyeleti Centrumunk a nap 24 \\u00f3r\\u00e1j\\u00e1ban el\\u00e9rhet\\u0151, hogy gyors, biztons\\u00e1gos \\u00e9s szakszer\\u0171 ell\\u00e1t\\u00e1st ny\\u00fajtson s\\u00fcrg\\u0151s eg\\u00e9szs\\u00e9g\\u00fcgyi probl\\u00e9m\\u00e1k eset\\u00e9n. Tapasztalt orvosaink \\u00e9s felk\\u00e9sz\\u00fclt csapatunk minden helyzetben k\\u00e9szen \\u00e1ll seg\\u00edteni, hogy \\u00d6n miel\\u0151bb megfelel\\u0151 kezel\\u00e9st kapjon.\"},{\"old_address\":\"1134 Budapest, V\\u00e1ci \\u00fat 29-31\",\"new_address\":\"1134 Budapest, V\\u00e1ci \\u00fat 29\"},{\"old_open_hours\":null,\"new_open_hours\":\"{\\\"0\\\":[\\\"8:00\\\",\\\"20:00\\\"],\\\"1\\\":[\\\"8:00\\\",\\\"20:00\\\"],\\\"2\\\":[\\\"8:00\\\",\\\"20:00\\\"],\\\"3\\\":[\\\"8:00\\\",\\\"20:00\\\"],\\\"4\\\":[\\\"8:00\\\",\\\"20:00\\\"],\\\"5\\\":[\\\"8:00\\\",\\\"20:00\\\"]}\"}]}'),
(76, 1, '2025-04-06 18:21:15', 'Add phonenumber to hospital', '::1', NULL, NULL, '{\"success\":true,\"phonenumber_id\":null,\"hospital_id\":\"2\"}'),
(77, 1, '2025-04-06 18:21:34', 'New token requested', '::1', NULL, NULL, '{\"success\":false}'),
(78, 1, '2025-04-06 18:21:34', 'login', '::1', NULL, NULL, '{\"success\":true}'),
(79, 1, '2025-04-06 18:24:06', 'Update profile', '::1', NULL, 3, '{\"success\":true,\"profile_type\":\"hospital\",\"modifiedData\":[{\"old_description\":null,\"new_description\":\"Sz\\u00fcl\\u00e9szet\\u00fcnk\\u00f6n a biztons\\u00e1gos, meghitt \\u00e9s gondoskod\\u00f3 k\\u00f6rnyezet megteremt\\u00e9s\\u00e9re t\\u00f6reksz\\u00fcnk, ahol az \\u00e9desany\\u00e1k \\u00e9s \\u00fajsz\\u00fcl\\u00f6ttek a lehet\\u0151 legnagyobb figyelmet \\u00e9s szak\\u00e9rtelmet kapj\\u00e1k. Tapasztalt orvosi \\u00e9s sz\\u00fcl\\u00e9szn\\u0151i csapatunk minden pillanatban \\u00d6n\\u00f6k mellett \\u00e1ll, hogy ez az \\u00e9letre sz\\u00f3l\\u00f3 \\u00e9lm\\u00e9ny nyugodt \\u00e9s \\u00f6r\\u00f6mteli legyen.\"},{\"old_open_hours\":null,\"new_open_hours\":\"{\\\"0\\\":[\\\"0:00\\\",\\\"24:00\\\"],\\\"1\\\":[\\\"0:00\\\",\\\"24:00\\\"],\\\"2\\\":[\\\"0:00\\\",\\\"24:00\\\"],\\\"3\\\":[\\\"0:00\\\",\\\"24:00\\\"],\\\"4\\\":[\\\"0:00\\\",\\\"24:00\\\"],\\\"5\\\":[\\\"0:00\\\",\\\"24:00\\\"],\\\"6\\\":[\\\"0:00\\\",\\\"24:00\\\"]}\"}]}'),
(80, 1, '2025-04-06 18:25:06', 'Update profile', '::1', NULL, 4, '{\"success\":true,\"profile_type\":\"hospital\",\"modifiedData\":[{\"old_description\":null,\"new_description\":\"A TritonLife R\\u00f3bert Mag\\u00e1nk\\u00f3rh\\u00e1z sz\\u00fcl\\u00e9szet\\u00e9n elk\\u00f6telezetten dolgozunk az\\u00e9rt, hogy a sz\\u00fcl\\u00e9s \\u00e9lm\\u00e9nye biztons\\u00e1gos, nyugodt \\u00e9s \\u00f6r\\u00f6mteli legyen. Tapasztalt szakembereink szem\\u00e9lyre szabott figyelemmel k\\u00eds\\u00e9rik v\\u00e9gig a v\\u00e1rand\\u00f3ss\\u00e1g \\u00e9s a sz\\u00fcl\\u00e9s minden pillanat\\u00e1t, modern k\\u00f6rnyezetben, csal\\u00e1dk\\u00f6zpont\\u00fa szeml\\u00e9lettel. Hissz\\u00fck, hogy az \\u00faj \\u00e9let \\u00e9rkez\\u00e9se m\\u00e9lt\\u00f3 t\\u00f6r\\u0151d\\u00e9st \\u00e9rdemel.\"},{\"old_address\":\"1135 Budapest, Lehel utca 59C\",\"new_address\":\"1135 Budapest, Lehel utca 59\"},{\"old_open_hours\":null,\"new_open_hours\":\"{\\\"0\\\":[\\\"0:00\\\",\\\"24:00\\\"],\\\"1\\\":[\\\"0:00\\\",\\\"24:00\\\"],\\\"2\\\":[\\\"0:00\\\",\\\"24:00\\\"],\\\"3\\\":[\\\"0:00\\\",\\\"24:00\\\"],\\\"4\\\":[\\\"0:00\\\",\\\"24:00\\\"],\\\"5\\\":[\\\"0:00\\\",\\\"24:00\\\"],\\\"6\\\":[\\\"0:00\\\",\\\"24:00\\\"]}\"}]}'),
(81, 1, '2025-04-06 18:26:08', 'Update profile', '::1', NULL, 5, '{\"success\":true,\"profile_type\":\"hospital\",\"modifiedData\":[{\"old_description\":null,\"new_description\":\"A TritonLife Medical Center Hegyalja a magas szint\\u0171 mag\\u00e1neg\\u00e9szs\\u00e9g\\u00fcgyi ell\\u00e1t\\u00e1st \\u00f6tv\\u00f6zi a gyors hozz\\u00e1f\\u00e9r\\u00e9ssel \\u00e9s szem\\u00e9lyre szabott figyelemmel. Modern k\\u00f6rnyezetben, tapasztalt szakorvosokkal v\\u00e1rjuk p\\u00e1cienseinket, legyen sz\\u00f3 megel\\u0151z\\u00e9sr\\u0151l, diagnosztik\\u00e1r\\u00f3l vagy kezel\\u00e9sr\\u0151l. C\\u00e9lunk, hogy mindenki biztons\\u00e1gban, meghallgatva \\u00e9s megbecs\\u00fclve \\u00e9rezze mag\\u00e1t.\"},{\"old_open_hours\":null,\"new_open_hours\":\"{\\\"0\\\":[\\\"8:00\\\",\\\"20:00\\\"],\\\"1\\\":[\\\"8:00\\\",\\\"20:00\\\"],\\\"2\\\":[\\\"8:00\\\",\\\"20:00\\\"],\\\"3\\\":[\\\"8:00\\\",\\\"20:00\\\"],\\\"4\\\":[\\\"8:00\\\",\\\"20:00\\\"],\\\"5\\\":[\\\"8:00\\\",\\\"12:00\\\"],\\\"6\\\":[\\\"8:00\\\",\\\"12:00\\\"]}\"}]}'),
(82, 1, '2025-04-06 18:27:18', 'Update profile', '::1', NULL, 6, '{\"success\":true,\"profile_type\":\"hospital\",\"modifiedData\":[{\"old_description\":null,\"new_description\":\"Az Emineo Mag\\u00e1nk\\u00f3rh\\u00e1z elk\\u00f6telezett a magas sz\\u00ednvonal\\u00fa, betegk\\u00f6zpont\\u00fa ell\\u00e1t\\u00e1s mellett. Szakorvosaink modern k\\u00f6rnyezetben, korszer\\u0171 eszk\\u00f6z\\u00f6kkel \\u00e9s empatikus hozz\\u00e1\\u00e1ll\\u00e1ssal biztos\\u00edtj\\u00e1k a gyors diagn\\u00f3zist \\u00e9s a hat\\u00e9kony kezel\\u00e9st. C\\u00e9lunk, hogy p\\u00e1cienseink bizalommal fordulhassanak hozz\\u00e1nk minden \\u00e9lethelyzetben.\"},{\"old_open_hours\":null,\"new_open_hours\":\"{\\\"0\\\":[\\\"8:00\\\",\\\"20:00\\\"],\\\"1\\\":[\\\"8:00\\\",\\\"20:00\\\"],\\\"2\\\":[\\\"8:00\\\",\\\"20:00\\\"],\\\"3\\\":[\\\"8:00\\\",\\\"20:00\\\"],\\\"4\\\":[\\\"8:00\\\",\\\"20:00\\\"]}\"}]}'),
(83, 1, '2025-04-06 18:28:03', 'Update profile', '::1', NULL, 7, '{\"success\":true,\"profile_type\":\"hospital\",\"modifiedData\":[{\"old_description\":null,\"new_description\":\"A Dr. Rose Mag\\u00e1nk\\u00f3rh\\u00e1z a pr\\u00e9mium eg\\u00e9szs\\u00e9g\\u00fcgyi ell\\u00e1t\\u00e1s szinonim\\u00e1ja, ahol a kiv\\u00e1l\\u00f3 szak\\u00e9rtelem, a diszkr\\u00e9ci\\u00f3 \\u00e9s a szem\\u00e9lyre szabott figyelem tal\\u00e1lkozik. Magasan k\\u00e9pzett orvosaink \\u00e9s modern k\\u00f6rnyezet\\u00fcnk garant\\u00e1lj\\u00e1k, hogy p\\u00e1cienseink minden szempontb\\u00f3l biztons\\u00e1gban \\u00e9s megbecs\\u00fclve \\u00e9rezz\\u00e9k magukat \\u2013 a megel\\u0151z\\u00e9st\\u0151l a gy\\u00f3gy\\u00edt\\u00e1sig.\"},{\"old_address\":\"1051 Budapest, Sz\\u00e9chenyi t\\u00e9r 7-8\",\"new_address\":\"1051 Budapest, Sz\\u00e9chenyi t\\u00e9r 7\"},{\"old_open_hours\":null,\"new_open_hours\":\"{\\\"0\\\":[\\\"8:00\\\",\\\"20:00\\\"],\\\"1\\\":[\\\"8:00\\\",\\\"20:00\\\"],\\\"2\\\":[\\\"8:00\\\",\\\"20:00\\\"],\\\"3\\\":[\\\"8:00\\\",\\\"20:00\\\"],\\\"4\\\":[\\\"8:00\\\",\\\"20:00\\\"]}\"}]}'),
(84, 1, '2025-04-06 18:29:53', 'New token requested', '::1', NULL, NULL, '{\"success\":false}'),
(85, 1, '2025-04-06 18:29:53', 'login', '::1', NULL, NULL, '{\"success\":true}'),
(86, 1, '2025-04-06 18:31:03', 'Add doctor', '::1', NULL, 2, '{\"success\":true}'),
(87, 2, '2025-04-06 18:33:10', 'Accept invite', '127.0.0.1', NULL, 2, '{\"success\":true}'),
(88, 1, '2025-04-06 18:33:45', 'New token requested', '::1', NULL, NULL, '{\"success\":false}'),
(89, 1, '2025-04-06 18:33:45', 'login', '::1', NULL, NULL, '{\"success\":true}'),
(90, 1, '2025-04-06 18:35:09', 'Add language to doctor', '::1', NULL, NULL, '{\"success\":true,\"language_id\":\"1\",\"doctor_id\":\"2\"}'),
(91, 1, '2025-04-06 18:35:11', 'Add language to doctor', '::1', NULL, NULL, '{\"success\":true,\"language_id\":\"2\",\"doctor_id\":\"2\"}'),
(92, 1, '2025-04-06 18:36:12', 'Add education to doctor', '::1', NULL, NULL, '{\"success\":true,\"education_id\":\"2\",\"doctor_id\":\"2\"}'),
(93, 1, '2025-04-06 18:36:15', 'Update profile', '::1', NULL, 2, '{\"success\":true,\"profile_type\":\"doctor\",\"modifiedData\":[{\"old_birthdate_visible\":0,\"new_birthdate_visible\":\"\"},{\"old_introduction\":null,\"new_introduction\":\"Dr. Teszt Elek nagy tapasztalattal \\u00e9s elhivatotts\\u00e1ggal v\\u00e9gzi orvosi munk\\u00e1j\\u00e1t, mindig a p\\u00e1ciens eg\\u00e9szs\\u00e9g\\u00e9t \\u00e9s j\\u00f3l\\u00e9t\\u00e9t helyezve a k\\u00f6z\\u00e9ppontba. Fontos sz\\u00e1m\\u00e1ra a szem\\u00e9lyre szabott figyelem, a pontos diagn\\u00f3zis \\u00e9s a k\\u00f6zvetlen, bizalmon alapul\\u00f3 orvos\\u2013beteg kapcsolat. C\\u00e9lja, hogy p\\u00e1ciensei minden helyzetben biztons\\u00e1gban, meg\\u00e9rtve \\u00e9s t\\u00e1mogatva \\u00e9rezz\\u00e9k magukat.\"}]}'),
(94, 1, '2025-04-06 18:36:25', 'Add service to doctor', '::1', NULL, NULL, '{\"success\":true,\"service_id\":\"1\",\"doctor_id\":\"2\"}'),
(95, 1, '2025-04-06 18:36:45', 'Add service to doctor', '::1', NULL, NULL, '{\"success\":true,\"service_id\":\"5\",\"doctor_id\":\"2\"}'),
(96, 1, '2025-04-06 18:36:49', 'Update profile', '::1', NULL, 2, '{\"success\":true,\"profile_type\":\"doctor\",\"modifiedData\":[{\"old_birthdate_visible\":0,\"new_birthdate_visible\":\"\"}]}'),
(97, 1, '2025-04-06 18:38:02', 'Update profile image', '::1', NULL, 2, '{\"success\":true,\"profile_type\":\"doctor\",\"old_image_id\":\"0\",\"new_image_id\":\"1\"}'),
(98, 2, '2025-04-06 18:38:54', 'New token requested', '::1', NULL, NULL, '{\"success\":false}'),
(99, 2, '2025-04-06 18:38:54', 'login', '::1', NULL, NULL, '{\"success\":true}'),
(100, 2, '2025-04-06 18:38:55', 'New token requested', '::1', NULL, NULL, '{\"success\":false}'),
(101, 1, '2025-04-06 18:40:15', 'New token requested', '::1', NULL, NULL, '{\"success\":false}'),
(102, 1, '2025-04-06 18:40:15', 'login', '::1', NULL, NULL, '{\"success\":true}'),
(103, 1, '2025-04-06 18:41:17', 'Add doctor to company', '::1', NULL, NULL, '{\"success\":true,\"doctor_id\":\"2\",\"company_id\":\"9\"}'),
(104, 1, '2025-04-06 18:41:28', 'Add doctor to hospital', '::1', NULL, NULL, '{\"success\":true,\"doctor_id\":\"2\",\"hospital_id\":\"1\"}'),
(105, 2, '2025-04-06 18:42:42', 'New token requested', '::1', NULL, NULL, '{\"success\":false}'),
(106, 2, '2025-04-06 18:42:42', 'login', '::1', NULL, NULL, '{\"success\":true}'),
(107, 2, '2025-04-06 18:42:46', 'New token requested', '::1', NULL, NULL, '{\"success\":false}'),
(108, NULL, '2025-04-06 18:42:52', 'Usage of insufficient token', '127.0.0.1', NULL, NULL, '{\"success\":false,\"endpoint\":\"\\/api\\/v1\\/api.php\\/calendar\\/GetHospitals\"}'),
(109, 2, '2025-04-06 18:43:01', 'New token requested', '::1', NULL, NULL, '{\"success\":false}'),
(110, 2, '2025-04-06 18:43:11', 'Add worktime', '127.0.0.1', NULL, 1, '{\"success\":true}'),
(111, 2, '2025-04-06 18:43:19', 'Change service color', '127.0.0.1', NULL, NULL, '{\"success\":true,\"service_id\":\"1\",\"doctor_id\":\"2\",\"old_color\":null,\"new_color\":\"#D32F2F\"}'),
(112, 2, '2025-04-06 18:43:35', 'New token requested', '127.0.0.1', NULL, NULL, '{\"success\":false}'),
(113, 2, '2025-04-06 18:43:35', 'refresh token', '127.0.0.1', NULL, NULL, '{\"success\":true}'),
(114, 1, '2025-04-06 18:44:16', 'New token requested', '::1', NULL, NULL, '{\"success\":false}'),
(115, 1, '2025-04-06 18:44:16', 'login', '::1', NULL, NULL, '{\"success\":true}'),
(116, 1, '2025-04-06 18:44:29', 'Add doctor to hospital', '::1', NULL, NULL, '{\"success\":true,\"doctor_id\":\"2\",\"hospital_id\":\"3\"}'),
(117, 2, '2025-04-06 18:44:58', 'New token requested', '::1', NULL, NULL, '{\"success\":false}'),
(118, 2, '2025-04-06 18:44:58', 'login', '::1', NULL, NULL, '{\"success\":true}'),
(119, 2, '2025-04-06 18:45:01', 'New token requested', '::1', NULL, NULL, '{\"success\":false}'),
(120, 2, '2025-04-06 18:45:31', 'refresh token', '127.0.0.1', NULL, NULL, '{\"success\":true}'),
(121, 2, '2025-04-06 18:45:31', 'Usage of expired token', '127.0.0.1', NULL, NULL, '{\"success\":false}'),
(122, 2, '2025-04-06 18:45:56', 'New token requested', '::1', NULL, NULL, '{\"success\":false}'),
(123, 2, '2025-04-06 18:46:04', 'Add worktime', '127.0.0.1', NULL, 2, '{\"success\":true}'),
(124, 2, '2025-04-06 18:46:12', 'Change service color', '127.0.0.1', NULL, NULL, '{\"success\":true,\"service_id\":\"5\",\"doctor_id\":\"2\",\"old_color\":null,\"new_color\":\"#1976D2\"}'),
(125, 1, '2025-04-06 19:17:10', 'New token requested', '127.0.0.1', NULL, NULL, '{\"success\":false}'),
(126, 1, '2025-04-06 19:17:10', 'login', '127.0.0.1', NULL, NULL, '{\"success\":true}'),
(127, 1, '2025-04-06 19:17:15', 'New token requested', '127.0.0.1', NULL, NULL, '{\"success\":false}'),
(128, 1, '2025-04-06 19:17:15', 'login', '127.0.0.1', NULL, NULL, '{\"success\":true}'),
(129, 3, '2025-04-06 19:19:46', 'Registration', '127.0.0.1', NULL, NULL, '{\"success\":true,\"method\":\"Registration Form\"}'),
(130, 3, '2025-04-06 19:19:48', 'New token requested', '127.0.0.1', NULL, NULL, '{\"success\":false}'),
(131, 3, '2025-04-06 19:21:12', 'resendConfirmEmail', '127.0.0.1', NULL, 3, '{\"success\":true}'),
(132, 3, '2025-04-06 19:21:33', 'Confirm Email', '::1', NULL, NULL, '{\"success\":true}'),
(133, 2, '2025-04-06 19:34:16', 'New token requested', '::1', NULL, NULL, '{\"success\":false}'),
(134, 2, '2025-04-06 19:34:16', 'login', '::1', NULL, NULL, '{\"success\":true}'),
(135, 2, '2025-04-06 19:37:23', 'New token requested', '::1', NULL, NULL, '{\"success\":false}'),
(136, 2, '2025-04-06 19:37:29', 'New token requested', '::1', NULL, NULL, '{\"success\":false}'),
(137, 2, '2025-04-06 19:39:48', 'New token requested', '127.0.0.1', NULL, NULL, '{\"success\":false}'),
(138, 2, '2025-04-06 19:39:49', 'refresh token', '127.0.0.1', NULL, NULL, '{\"success\":true}'),
(139, 3, '2025-04-06 19:40:32', 'New token requested', '127.0.0.1', NULL, NULL, '{\"success\":false}'),
(140, 3, '2025-04-06 19:40:32', 'login', '127.0.0.1', NULL, NULL, '{\"success\":true}'),
(141, 3, '2025-04-06 19:40:43', 'new reservation', '127.0.0.1', NULL, NULL, '{\"success\":true,\"reservation_id\":\"1\"}'),
(142, 2, '2025-04-06 19:41:47', 'New token requested', '::1', NULL, NULL, '{\"success\":false}'),
(143, 2, '2025-04-06 19:41:47', 'login', '::1', NULL, NULL, '{\"success\":true}'),
(144, 1, '2025-04-06 19:48:18', 'New token requested', '::1', NULL, NULL, '{\"success\":false}'),
(145, 1, '2025-04-06 19:48:18', 'login', '::1', NULL, NULL, '{\"success\":true}'),
(146, 1, '2025-04-06 19:58:46', 'New token requested', '::1', NULL, NULL, '{\"success\":false}'),
(147, 1, '2025-04-06 19:58:46', 'refresh token', '::1', NULL, NULL, '{\"success\":true}'),
(148, 1, '2025-04-06 20:08:54', 'New token requested', '::1', NULL, NULL, '{\"success\":false}'),
(149, 1, '2025-04-06 20:08:54', 'refresh token', '::1', NULL, NULL, '{\"success\":true}');

-- --------------------------------------------------------

--
-- Tábla szerkezet ehhez a táblához `worktimes`
--

CREATE TABLE `worktimes` (
  `id` int(11) NOT NULL,
  `doctor_id` int(11) NOT NULL,
  `hospital_id` int(11) NOT NULL,
  `service_id` int(11) NOT NULL,
  `date` date NOT NULL,
  `from_time` time NOT NULL,
  `to_time` time NOT NULL,
  `deleted` tinyint(1) NOT NULL DEFAULT 0
) ENGINE=InnoDB DEFAULT CHARSET=utf8mb4 COLLATE=utf8mb4_general_ci;

--
-- A tábla adatainak kiíratása `worktimes`
--

INSERT INTO `worktimes` (`id`, `doctor_id`, `hospital_id`, `service_id`, `date`, `from_time`, `to_time`, `deleted`) VALUES
(1, 2, 1, 1, '2025-04-07', '08:00:00', '16:00:00', 0),
(2, 2, 3, 5, '2025-04-08', '08:00:00', '16:00:00', 0);

-- --------------------------------------------------------

--
-- Tábla szerkezet ehhez a táblához `zip_codes`
--

CREATE TABLE `zip_codes` (
  `zip` varchar(4) NOT NULL,
  `name` varchar(50) NOT NULL
) ENGINE=InnoDB DEFAULT CHARSET=utf8mb4 COLLATE=utf8mb4_general_ci;

--
-- A tábla adatainak kiíratása `zip_codes`
--

INSERT INTO `zip_codes` (`zip`, `name`) VALUES
('2000', 'Szentendre'),
('2009', 'Pilisszentlászló'),
('2011', 'Budakalász'),
('2013', 'Pomáz'),
('2014', 'Csobánka'),
('2015', 'Szigetmonostor'),
('2016', 'Leányfalu'),
('2017', 'Pócsmegyer'),
('2021', 'Tahitótfalu'),
('2022', 'Tahitótfalu'),
('2023', 'Dunabogdány'),
('2024', 'Kisoroszi'),
('2025', 'Visegrád'),
('2026', 'Visegrád'),
('2027', 'Dömös'),
('2028', 'Pilismarót'),
('2030', 'Érd'),
('2038', 'Sóskút'),
('2039', 'Pusztazámor'),
('2040', 'Budaörs'),
('2045', 'Törökbálint'),
('2049', 'Diósd'),
('2051', 'Biatorbágy'),
('2053', 'Herceghalom'),
('2060', 'Bicske'),
('2063', 'Óbarok'),
('2064', 'Csabdi'),
('2065', 'Mány'),
('2066', 'Szár'),
('2066', 'Újbarok'),
('2067', 'Szárliget'),
('2071', 'Páty'),
('2072', 'Zsámbék'),
('2073', 'Tök'),
('2074', 'Perbál'),
('2080', 'Pilisjászfalu '),
('2081', 'Piliscsaba '),
('2083', 'Solymár'),
('2084', 'Pilisszentiván'),
('2085', 'Pilisvörösvár'),
('2086', 'Tinnye'),
('2089', 'Telki'),
('2090', 'Remeteszőlős'),
('2091', 'Etyek'),
('2092', 'Budakeszi'),
('2093', 'Budajenő'),
('2094', 'Nagykovácsi'),
('2095', 'Pilisszántó'),
('2096', 'Üröm'),
('2097', 'Pilisborosjenő'),
('2098', 'Pilisszentkereszt'),
('2099', 'Pilisszentkereszt'),
('2100', 'Gödöllő'),
('2111', 'Szada'),
('2112', 'Veresegyház'),
('2113', 'Erdőkertes'),
('2114', 'Valkó'),
('2115', 'Vácszentlászló'),
('2116', 'Zsámbok'),
('2117', 'Isaszeg'),
('2118', 'Dány'),
('2119', 'Pécel'),
('2120', 'Dunakeszi'),
('2131', 'Göd'),
('2132', 'Göd'),
('2133', 'Sződliget'),
('2134', 'Sződ'),
('2135', 'Csörög'),
('2141', 'Csömör'),
('2142', 'Nagytarcsa'),
('2143', 'Kistarcsa'),
('2144', 'Kerepes '),
('2145', 'Kerepes '),
('2146', 'Mogyoród'),
('2151', 'Fót'),
('2161', 'Csomád'),
('2162', 'Őrbottyán'),
('2163', 'Vácrátót'),
('2164', 'Váchartyán'),
('2165', 'Kisnémedi'),
('2166', 'Püspökszilágy'),
('2167', 'Vácduka'),
('2170', 'Aszód'),
('2173', 'Kartal'),
('2174', 'Verseg'),
('2175', 'Kálló'),
('2176', 'Erdőkürt'),
('2177', 'Erdőtarcsa'),
('2181', 'Iklad'),
('2182', 'Domony'),
('2183', 'Galgamácsa'),
('2184', 'Vácegres'),
('2185', 'Váckisújfalu'),
('2191', 'Bag'),
('2192', 'Hévízgyörk'),
('2193', 'Galgahévíz'),
('2194', 'Tura'),
('2200', 'Monor'),
('2209', 'Péteri'),
('2211', 'Vasad'),
('2212', 'Csévharaszt'),
('2213', 'Monorierdő'),
('2214', 'Pánd'),
('2215', 'Káva'),
('2216', 'Bénye'),
('2217', 'Gomba'),
('2220', 'Vecsés'),
('2225', 'Üllő'),
('2230', 'Gyömrő'),
('2233', 'Ecser'),
('2234', 'Maglód'),
('2235', 'Mende'),
('2241', 'Sülysáp  '),
('2243', 'Kóka'),
('2244', 'Úri'),
('2251', 'Tápiószecső'),
('2252', 'Tóalmás'),
('2253', 'Tápióság'),
('2254', 'Szentmártonkáta'),
('2255', 'Szentlőrinckáta'),
('2300', 'Ráckeve'),
('2309', 'Lórév'),
('2310', 'Szigetszentmiklós'),
('2314', 'Halásztelek'),
('2315', 'Szigethalom'),
('2316', 'Tököl'),
('2317', 'Szigetcsép'),
('2318', 'Szigetszentmárton'),
('2319', 'Szigetújfalu'),
('2321', 'Szigetbecse'),
('2322', 'Makád'),
('2330', 'Dunaharaszti'),
('2335', 'Taksony'),
('2336', 'Dunavarsány'),
('2337', 'Délegyháza'),
('2338', 'Áporka'),
('2339', 'Majosháza'),
('2340', 'Kiskunlacháza'),
('2344', 'Dömsöd'),
('2345', 'Apaj'),
('2347', 'Bugyi'),
('2351', 'Alsónémedi'),
('2360', 'Gyál'),
('2363', 'Felsőpakony'),
('2364', 'Ócsa'),
('2365', 'Inárcs'),
('2366', 'Kakucs'),
('2367', 'Újhartyán'),
('2370', 'Dabas'),
('2371', 'Dabas'),
('2373', 'Dabas'),
('2375', 'Tatárszentgyörgy'),
('2376', 'Hernád'),
('2377', 'Örkény'),
('2378', 'Pusztavacs'),
('2381', 'Táborfalva'),
('2400', 'Dunaújváros'),
('2407', 'Dunaújváros'),
('2421', 'Nagyvenyim'),
('2422', 'Mezőfalva'),
('2423', 'Daruszentmiklós'),
('2424', 'Előszállás'),
('2425', 'Nagykarácsony'),
('2426', 'Baracs '),
('2427', 'Baracs '),
('2428', 'Kisapostag'),
('2431', 'Perkáta'),
('2432', 'Szabadegyháza'),
('2433', 'Sárosd'),
('2434', 'Hantos'),
('2435', 'Nagylók'),
('2440', 'Százhalombatta'),
('2451', 'Ercsi '),
('2453', 'Ercsi '),
('2454', 'Iváncsa'),
('2455', 'Beloiannisz'),
('2456', 'Besnyő'),
('2457', 'Adony'),
('2458', 'Kulcs'),
('2459', 'Rácalmás'),
('2461', 'Tárnok'),
('2462', 'Martonvásár'),
('2463', 'Tordas'),
('2464', 'Gyúró'),
('2465', 'Ráckeresztúr'),
('2471', 'Baracska'),
('2472', 'Kajászó'),
('2473', 'Vál'),
('2475', 'Kápolnásnyék'),
('2476', 'Pázmánd'),
('2477', 'Vereb'),
('2481', 'Velence '),
('2483', 'Gárdony '),
('2484', 'Gárdony '),
('2485', 'Gárdony '),
('2490', 'Pusztaszabolcs'),
('2500', 'Esztergom'),
('2508', 'Esztergom'),
('2509', 'Esztergom'),
('2510', 'Dorog'),
('2517', 'Kesztölc'),
('2518', 'Leányvár'),
('2519', 'Piliscsév'),
('2521', 'Csolnok'),
('2522', 'Dág'),
('2523', 'Sárisáp'),
('2524', 'Nagysáp'),
('2525', 'Bajna'),
('2526', 'Epöl'),
('2527', 'Máriahalom'),
('2528', 'Úny'),
('2529', 'Annavölgy'),
('2531', 'Tokod '),
('2532', 'Tokodaltáró'),
('2533', 'Bajót'),
('2534', 'Tát'),
('2535', 'Mogyorósbánya'),
('2536', 'Nyergesújfalu '),
('2541', 'Lábatlan '),
('2543', 'Süttő'),
('2544', 'Neszmély'),
('2545', 'Dunaalmás'),
('2600', 'Vác'),
('2610', 'Nőtincs'),
('2610', 'Ősagárd'),
('2611', 'Felsőpetény'),
('2612', 'Kosd'),
('2613', 'Rád'),
('2614', 'Penc'),
('2615', 'Csővár'),
('2616', 'Keszeg'),
('2617', 'Alsópetény'),
('2618', 'Nézsa'),
('2619', 'Legénd'),
('2621', 'Verőce'),
('2623', 'Kismaros'),
('2624', 'Szokolya'),
('2625', 'Kóspallag'),
('2626', 'Nagymaros'),
('2627', 'Zebegény'),
('2628', 'Szob'),
('2629', 'Márianosztra'),
('2631', 'Ipolydamásd'),
('2632', 'Letkés'),
('2633', 'Ipolytölgyes'),
('2634', 'Nagybörzsöny'),
('2635', 'Vámosmikola'),
('2636', 'Tésa'),
('2637', 'Perőcsény'),
('2638', 'Kemence'),
('2639', 'Bernecebaráti'),
('2640', 'Szendehely'),
('2641', 'Berkenye'),
('2642', 'Nógrád'),
('2643', 'Diósjenő'),
('2644', 'Borsosberény'),
('2645', 'Nagyoroszi'),
('2646', 'Drégelypalánk'),
('2647', 'Hont'),
('2648', 'Patak'),
('2649', 'Dejtár'),
('2651', 'Rétság'),
('2652', 'Tereske'),
('2653', 'Bánk'),
('2654', 'Romhány'),
('2655', 'Kétbodony'),
('2655', 'Kisecset'),
('2655', 'Szente'),
('2656', 'Szátok'),
('2657', 'Tolmács'),
('2658', 'Horpács'),
('2658', 'Pusztaberki'),
('2659', 'Érsekvadkert'),
('2660', 'Balassagyarmat'),
('2660', 'Ipolyszög'),
('2668', 'Patvarc'),
('2669', 'Ipolyvece'),
('2671', 'Őrhalom'),
('2672', 'Hugyag'),
('2673', 'Csitár'),
('2674', 'Iliny'),
('2675', 'Nógrádmarcal'),
('2676', 'Cserhátsurány'),
('2677', 'Herencsény'),
('2678', 'Csesztve'),
('2681', 'Galgagyörk'),
('2682', 'Püspökhatvan'),
('2683', 'Acsa'),
('2685', 'Nógrádsáp'),
('2686', 'Galgaguta'),
('2687', 'Bercel'),
('2688', 'Vanyarc'),
('2691', 'Nógrádkövesd'),
('2692', 'Szécsénke'),
('2693', 'Becske'),
('2694', 'Magyarnándor'),
('2694', 'Cserháthaláp'),
('2694', 'Debercsény'),
('2696', 'Terény'),
('2697', 'Szanda'),
('2698', 'Mohora'),
('2699', 'Szügy'),
('2700', 'Cegléd'),
('2711', 'Tápiószentmárton'),
('2712', 'Nyársapát'),
('2713', 'Csemő'),
('2721', 'Pilis'),
('2723', 'Nyáregyháza'),
('2724', 'Újlengyel'),
('2730', 'Albertirsa'),
('2735', 'Dánszentmiklós'),
('2736', 'Mikebuda'),
('2737', 'Ceglédbercel'),
('2738', 'Cegléd'),
('2740', 'Abony'),
('2745', 'Kőröstetétlen'),
('2746', 'Jászkarajenő'),
('2747', 'Törtel'),
('2750', 'Nagykőrös'),
('2755', 'Kocsér'),
('2760', 'Nagykáta'),
('2764', 'Tápióbicske'),
('2765', 'Farmos'),
('2766', 'Tápiószele'),
('2767', 'Tápiógyörgye'),
('2768', 'Újszilvás'),
('2769', 'Tápiószőlős'),
('2800', 'Tatabánya'),
('2821', 'Gyermely'),
('2822', 'Szomor'),
('2823', 'Vértessomló'),
('2824', 'Várgesztes'),
('2831', 'Tarján'),
('2832', 'Héreg'),
('2833', 'Vértestolna'),
('2834', 'Tardos'),
('2835', 'Tata'),
('2836', 'Baj'),
('2837', 'Vértesszőlős'),
('2840', 'Oroszlány'),
('2851', 'Környe'),
('2852', 'Kecskéd'),
('2853', 'Kömlőd'),
('2854', 'Dad'),
('2855', 'Bokod'),
('2856', 'Szákszend'),
('2858', 'Császár'),
('2859', 'Vérteskethely'),
('2861', 'Bakonysárkány'),
('2862', 'Aka'),
('2870', 'Kisbér'),
('2879', 'Kisbér'),
('2881', 'Ászár'),
('2882', 'Kerékteleki'),
('2883', 'Bársonyos'),
('2884', 'Bakonyszombathely'),
('2885', 'Bakonybánk'),
('2886', 'Réde'),
('2887', 'Ácsteszér'),
('2888', 'Csatka'),
('2889', 'Súr'),
('2890', 'Tata'),
('2896', 'Szomód'),
('2897', 'Dunaszentmiklós'),
('2898', 'Kocs'),
('2899', 'Naszály'),
('2900', 'Komárom'),
('2903', 'Komárom'),
('2911', 'Mocsa'),
('2921', 'Komárom'),
('2931', 'Almásfüzitő '),
('2941', 'Ács'),
('2942', 'Nagyigmánd'),
('2943', 'Bábolna'),
('2943', 'Tárkány'),
('2944', 'Bana'),
('2945', 'Tárkány'),
('2946', 'Csép'),
('2947', 'Ete'),
('2948', 'Kisigmánd'),
('2949', 'Csém'),
('3000', 'Hatvan'),
('3009', 'Kerekharaszt'),
('3011', 'Heréd'),
('3012', 'Nagykökényes'),
('3013', 'Ecséd'),
('3014', 'Hort'),
('3015', 'Csány'),
('3016', 'Boldog'),
('3021', 'Lőrinci '),
('3022', 'Lőrinci '),
('3023', 'Petőfibánya'),
('3024', 'Lőrinci '),
('3031', 'Zagyvaszántó'),
('3032', 'Apc'),
('3033', 'Rózsaszentmárton'),
('3034', 'Szűcsi'),
('3035', 'Gyöngyöspata'),
('3036', 'Gyöngyöstarján'),
('3041', 'Héhalom'),
('3042', 'Palotás'),
('3043', 'Egyházasdengeleg'),
('3044', 'Szirák'),
('3045', 'Bér'),
('3046', 'Kisbágyon'),
('3047', 'Buják'),
('3051', 'Szarvasgede'),
('3052', 'Csécse'),
('3053', 'Ecseg'),
('3053', 'Kozárd'),
('3060', 'Pásztó'),
('3063', 'Jobbágyi'),
('3064', 'Szurdokpüspöki'),
('3065', 'Pásztó'),
('3066', 'Cserhátszentiván'),
('3066', 'Bokor'),
('3066', 'Kutasó'),
('3067', 'Felsőtold'),
('3067', 'Garáb'),
('3068', 'Mátraszőlős'),
('3069', 'Alsótold'),
('3070', 'Bátonyterenye'),
('3073', 'Tar'),
('3074', 'Sámsonháza'),
('3075', 'Nagybárkány'),
('3075', 'Kisbárkány'),
('3075', 'Márkháza'),
('3077', 'Mátraverebély'),
('3078', 'Bátonyterenye'),
('3082', 'Pásztó'),
('3100', 'Salgótarján'),
('3102', 'Salgótarján'),
('3104', 'Salgótarján'),
('3109', 'Salgótarján'),
('3121', 'Somoskőújfalu'),
('3123', 'Cered'),
('3124', 'Zabar'),
('3125', 'Szilaspogony'),
('3126', 'Bárna'),
('3127', 'Kazár'),
('3128', 'Vizslás'),
('3129', 'Lucfalva'),
('3129', 'Nagykeresztúr'),
('3131', 'Sóshartyán'),
('3132', 'Nógrádmegyer'),
('3133', 'Magyargéc'),
('3134', 'Piliny'),
('3135', 'Szécsényfelfalu'),
('3136', 'Etes'),
('3137', 'Karancsberény'),
('3138', 'Ipolytarnóc'),
('3141', 'Salgótarján'),
('3142', 'Mátraszele'),
('3143', 'Mátranovák'),
('3144', 'Mátranovák'),
('3145', 'Mátraterenye'),
('3146', 'Mátraterenye'),
('3147', 'Kazár'),
('3151', 'Rákóczibánya'),
('3152', 'Nemti'),
('3153', 'Dorogháza'),
('3154', 'Szuha'),
('3155', 'Mátramindszent'),
('3161', 'Kishartyán'),
('3162', 'Ságújfalu'),
('3163', 'Karancsság'),
('3163', 'Szalmatercs'),
('3165', 'Endrefalva'),
('3170', 'Szécsény'),
('3175', 'Nagylóc'),
('3176', 'Hollókő'),
('3177', 'Rimóc'),
('3178', 'Varsány'),
('3179', 'Nógrádsipek'),
('3181', 'Karancsalja'),
('3182', 'Karancslapujtő'),
('3183', 'Karancskeszi'),
('3184', 'Mihálygerge'),
('3185', 'Egyházasgerge'),
('3186', 'Litke'),
('3187', 'Nógrádszakál'),
('3188', 'Ludányhalászi'),
('3200', 'Gyöngyös'),
('3211', 'Gyöngyösoroszi'),
('3212', 'Gyöngyöshalász'),
('3213', 'Atkár'),
('3214', 'Nagyréde'),
('3221', 'Gyöngyös'),
('3231', 'Gyöngyössolymos'),
('3232', 'Gyöngyös'),
('3233', 'Gyöngyös'),
('3234', 'Mátraszentimre'),
('3235', 'Mátraszentimre'),
('3240', 'Parád'),
('3242', 'Parádsasvár'),
('3243', 'Bodony'),
('3245', 'Recsk'),
('3246', 'Mátraderecske'),
('3247', 'Mátraballa'),
('3248', 'Ivád'),
('3250', 'Pétervására'),
('3252', 'Erdőkövesd'),
('3253', 'Istenmezeje'),
('3254', 'Váraszó'),
('3255', 'Fedémes'),
('3256', 'Kisfüzes'),
('3257', 'Bükkszenterzsébet'),
('3258', 'Tarnalelesz'),
('3259', 'Szentdomonkos'),
('3261', 'Abasár'),
('3261', 'Pálosvörösmart'),
('3262', 'Markaz'),
('3263', 'Domoszló'),
('3264', 'Kisnána'),
('3265', 'Vécs'),
('3271', 'Visonta '),
('3272', 'Visonta '),
('3273', 'Halmajugra'),
('3274', 'Ludas'),
('3275', 'Detk'),
('3281', 'Karácsond'),
('3282', 'Nagyfüged'),
('3283', 'Tarnazsadány'),
('3284', 'Tarnaméra'),
('3291', 'Vámosgyörk'),
('3292', 'Adács'),
('3293', 'Visznek'),
('3294', 'Tarnaörs'),
('3295', 'Erk'),
('3296', 'Zaránk'),
('3300', 'Eger'),
('3304', 'Eger'),
('3321', 'Egerbakta'),
('3322', 'Hevesaranyos'),
('3323', 'Szarvaskő'),
('3324', 'Felsőtárkány'),
('3325', 'Noszvaj'),
('3326', 'Ostoros'),
('3327', 'Novaj'),
('3328', 'Egerszólát'),
('3331', 'Tarnaszentmária'),
('3332', 'Sirok'),
('3333', 'Terpes'),
('3334', 'Szajla'),
('3335', 'Bükkszék'),
('3336', 'Bátor'),
('3337', 'Egerbocs'),
('3341', 'Egercsehi'),
('3341', 'Szúcs'),
('3343', 'Bekölce'),
('3344', 'Mikófalva'),
('3345', 'Mónosbél'),
('3346', 'Bélapátfalva'),
('3346', 'Bükkszentmárton'),
('3347', 'Balaton'),
('3348', 'Szilvásvárad'),
('3349', 'Nagyvisnyó'),
('3350', 'Kál'),
('3351', 'Verpelét'),
('3352', 'Feldebrő'),
('3353', 'Aldebrő'),
('3354', 'Tófalu'),
('3355', 'Kápolna'),
('3356', 'Kompolt'),
('3357', 'Nagyút'),
('3358', 'Erdőtelek'),
('3359', 'Tenk'),
('3360', 'Heves'),
('3368', 'Boconád'),
('3369', 'Tarnabod'),
('3371', 'Átány'),
('3372', 'Kömlő'),
('3373', 'Besenyőtelek'),
('3374', 'Dormánd'),
('3375', 'Mezőtárkány'),
('3377', 'Szihalom'),
('3378', 'Mezőszemere'),
('3379', 'Egerfarmos'),
('3381', 'Pély'),
('3382', 'Tarnaszentmiklós'),
('3383', 'Hevesvezekény'),
('3384', 'Kisköre'),
('3385', 'Tiszanána'),
('3386', 'Sarud'),
('3387', 'Újlőrincfalva'),
('3388', 'Poroszló'),
('3390', 'Füzesabony '),
('3394', 'Egerszalók'),
('3395', 'Demjén'),
('3396', 'Kerecsend'),
('3397', 'Maklár'),
('3398', 'Nagytálya'),
('3399', 'Andornaktálya'),
('3400', 'Mezőkövesd'),
('3411', 'Szomolya'),
('3412', 'Bogács'),
('3413', 'Cserépfalu'),
('3414', 'Bükkzsérc'),
('3416', 'Tard'),
('3417', 'Cserépváralja'),
('3418', 'Szentistván'),
('3421', 'Mezőnyárád'),
('3422', 'Bükkábrány'),
('3423', 'Tibolddaróc'),
('3424', 'Kács'),
('3425', 'Sály'),
('3426', 'Borsodgeszt'),
('3431', 'Vatta'),
('3432', 'Emőd'),
('3433', 'Nyékládháza '),
('3434', 'Mályi'),
('3441', 'Mezőkeresztes '),
('3442', 'Csincse'),
('3443', 'Mezőnagymihály'),
('3444', 'Gelej'),
('3450', 'Mezőcsát'),
('3458', 'Tiszakeszi'),
('3459', 'Igrici'),
('3461', 'Egerlövő'),
('3462', 'Borsodivánka'),
('3463', 'Négyes'),
('3464', 'Tiszavalk'),
('3465', 'Tiszabábolna'),
('3466', 'Tiszadorogma'),
('3467', 'Ároktő'),
('3500', 'Miskolc'),
('3551', 'Ónod'),
('3552', 'Muhi'),
('3553', 'Kistokaj'),
('3554', 'Bükkaranyos'),
('3555', 'Harsány'),
('3556', 'Kisgyőr'),
('3557', 'Bükkszentkereszt'),
('3559', 'Répáshuta'),
('3561', 'Felsőzsolca'),
('3562', 'Onga'),
('3563', 'Hernádkak'),
('3564', 'Hernádnémeti'),
('3565', 'Tiszalúc'),
('3571', 'Alsózsolca'),
('3572', 'Sajólád'),
('3573', 'Sajópetri'),
('3574', 'Bőcs'),
('3575', 'Berzék'),
('3576', 'Sajóhídvég'),
('3577', 'Köröm'),
('3578', 'Girincs'),
('3578', 'Kiscsécs'),
('3579', 'Kesznyéten'),
('3580', 'Tiszaújváros'),
('3586', 'Sajóörös'),
('3587', 'Tiszapalkonya'),
('3588', 'Hejőkürt'),
('3589', 'Tiszatarján'),
('3591', 'Oszlár'),
('3592', 'Nemesbikk'),
('3593', 'Hejőbába'),
('3594', 'Hejőpapi'),
('3595', 'Hejőszalonta'),
('3596', 'Szakáld'),
('3597', 'Hejőkeresztúr'),
('3598', 'Nagycsécs'),
('3599', 'Sajószöged'),
('3600', 'Ózd'),
('3604', 'Ózd'),
('3608', 'Farkaslyuk'),
('3621', 'Ózd'),
('3622', 'Uppony'),
('3623', 'Borsodszentgyörgy'),
('3625', 'Ózd'),
('3626', 'Hangony'),
('3627', 'Domaháza'),
('3627', 'Kissikátor'),
('3630', 'Putnok'),
('3635', 'Dubicsány'),
('3636', 'Vadna'),
('3636', 'Sajógalgóc'),
('3641', 'Nagybarca'),
('3642', 'Bánhorváti'),
('3643', 'Dédestapolcsány'),
('3644', 'Tardona'),
('3645', 'Mályinka'),
('3646', 'Nekézseny'),
('3647', 'Csokvaomány'),
('3648', 'Csernely'),
('3648', 'Bükkmogyorósd'),
('3648', 'Lénárddaróc'),
('3651', 'Ózd'),
('3652', 'Sajónémeti'),
('3653', 'Sajópüspöki'),
('3654', 'Bánréve'),
('3655', 'Hét'),
('3656', 'Sajóvelezd'),
('3656', 'Sajómercse'),
('3657', 'Királd'),
('3658', 'Borsodbóta'),
('3659', 'Sáta'),
('3661', 'Ózd'),
('3662', 'Ózd'),
('3663', 'Arló'),
('3664', 'Járdánháza'),
('3671', 'Borsodnádasd '),
('3672', 'Borsodnádasd '),
('3700', 'Kazincbarcika'),
('3704', 'Berente'),
('3711', 'Szirmabesenyő'),
('3712', 'Sajóvámos'),
('3712', 'Sajósenye'),
('3713', 'Arnót'),
('3714', 'Sajópálfala'),
('3715', 'Gesztely'),
('3716', 'Újcsanálos'),
('3716', 'Sóstófalva'),
('3717', 'Alsódobsza'),
('3718', 'Megyaszó'),
('3720', 'Sajókaza'),
('3720', 'Sajóivánka'),
('3721', 'Felsőnyárád'),
('3721', 'Dövény'),
('3721', 'Jákfalva'),
('3722', 'Felsőkelecsény'),
('3723', 'Zubogy'),
('3724', 'Ragály'),
('3724', 'Trizs'),
('3725', 'Imola'),
('3726', 'Zádorfalva'),
('3726', 'Alsószuha'),
('3726', 'Szuhafő'),
('3728', 'Kelemér'),
('3728', 'Gömörszőlős'),
('3729', 'Serényfalva'),
('3731', 'Szuhakálló'),
('3732', 'Kurityán'),
('3733', 'Rudabánya'),
('3734', 'Szuhogy'),
('3735', 'Felsőtelekes'),
('3735', 'Alsótelekes'),
('3735', 'Kánó'),
('3741', 'Izsófalva'),
('3742', 'Rudolftelep'),
('3743', 'Ormosbánya'),
('3744', 'Múcsony'),
('3751', 'Szendrőlád'),
('3752', 'Szendrő'),
('3752', 'Galvács'),
('3753', 'Abod'),
('3754', 'Szalonna'),
('3754', 'Meszes'),
('3755', 'Martonyi'),
('3756', 'Perkupa'),
('3756', 'Varbóc'),
('3757', 'Szőlősardó'),
('3757', 'Égerszög'),
('3757', 'Teresztenye'),
('3758', 'Jósvafő'),
('3759', 'Aggtelek'),
('3761', 'Szin'),
('3761', 'Szinpetri'),
('3761', 'Tornakápolna'),
('3762', 'Szögliget'),
('3763', 'Bódvaszilas'),
('3764', 'Bódvarákó'),
('3765', 'Komjáti'),
('3765', 'Tornabarakony'),
('3765', 'Tornaszentandrás'),
('3767', 'Tornanádaska'),
('3768', 'Hidvégardó'),
('3768', 'Becskeháza'),
('3768', 'Bódvalenke'),
('3769', 'Tornaszentjakab'),
('3770', 'Sajószentpéter'),
('3773', 'Sajókápolna'),
('3773', 'Sajólászlófalva'),
('3775', 'Kondó'),
('3776', 'Radostyán'),
('3777', 'Parasznya'),
('3778', 'Varbó'),
('3779', 'Alacska'),
('3780', 'Edelény '),
('3780', 'Balajt'),
('3780', 'Damak'),
('3780', 'Ládbesenyő'),
('3783', 'Edelény '),
('3786', 'Lak'),
('3786', 'Hegymeg'),
('3786', 'Irota'),
('3786', 'Szakácsi'),
('3787', 'Tomor'),
('3791', 'Sajókeresztúr'),
('3792', 'Sajóbábony'),
('3793', 'Sajóecseg'),
('3794', 'Boldva'),
('3794', 'Ziliz'),
('3795', 'Hangács'),
('3795', 'Nyomár'),
('3796', 'Borsodszirák'),
('3800', 'Szikszó'),
('3809', 'Selyeb'),
('3809', 'Abaújszolnok'),
('3809', 'Nyésta'),
('3811', 'Alsóvadász'),
('3812', 'Homrogd'),
('3812', 'Monaj'),
('3813', 'Kupa'),
('3814', 'Felsővadász'),
('3815', 'Gadna'),
('3815', 'Abaújlak'),
('3816', 'Gagyvendégi'),
('3817', 'Gagybátor'),
('3821', 'Krasznokvajda'),
('3821', 'Büttös'),
('3821', 'Kány'),
('3821', 'Keresztéte'),
('3821', 'Pamlény'),
('3821', 'Perecse'),
('3821', 'Szászfa'),
('3825', 'Rakaca'),
('3825', 'Debréte'),
('3825', 'Viszló'),
('3826', 'Rakacaszend'),
('3831', 'Kázsmárk'),
('3832', 'Léh'),
('3833', 'Rásonysápberencs'),
('3834', 'Detek'),
('3834', 'Beret'),
('3836', 'Baktakék'),
('3837', 'Felsőgagy'),
('3837', 'Alsógagy'),
('3837', 'Csenyéte'),
('3837', 'Gagyapáti'),
('3841', 'Aszaló'),
('3842', 'Halmaj'),
('3843', 'Kiskinizs'),
('3844', 'Nagykinizs'),
('3844', 'Szentistvánbaksa'),
('3846', 'Hernádkércs'),
('3847', 'Felsődobsza'),
('3848', 'Csobád'),
('3849', 'Forró'),
('3851', 'Ináncs'),
('3852', 'Hernádszentandrás'),
('3853', 'Pere'),
('3853', 'Hernádbűd'),
('3854', 'Gibárt'),
('3855', 'Fancsal'),
('3860', 'Encs'),
('3863', 'Szalaszend'),
('3864', 'Fulókércs'),
('3865', 'Fáj'),
('3866', 'Szemere'),
('3866', 'Litka'),
('3871', 'Méra'),
('3872', 'Novajidrány'),
('3873', 'Garadna'),
('3874', 'Hernádvécse'),
('3874', 'Hernádpetri'),
('3874', 'Pusztaradvány'),
('3875', 'Hernádszurdok'),
('3876', 'Hidasnémeti'),
('3877', 'Tornyosnémeti'),
('3881', 'Abaújszántó'),
('3881', 'Baskó'),
('3881', 'Sima'),
('3882', 'Abaújkér'),
('3882', 'Abaújalpár'),
('3884', 'Boldogkőújfalu'),
('3885', 'Boldogkőváralja'),
('3885', 'Arka'),
('3886', 'Korlát'),
('3887', 'Hernádcéce'),
('3888', 'Vizsoly'),
('3891', 'Vilmány'),
('3892', 'Hejce'),
('3893', 'Fony'),
('3893', 'Mogyoróska'),
('3893', 'Regéc'),
('3894', 'Göncruszka'),
('3895', 'Gönc'),
('3896', 'Telkibánya'),
('3897', 'Zsujta'),
('3898', 'Abaújvár'),
('3898', 'Pányok'),
('3899', 'Kéked'),
('3900', 'Szerencs'),
('3902', 'Szerencs'),
('3903', 'Bekecs'),
('3904', 'Legyesbénye'),
('3905', 'Monok'),
('3906', 'Golop'),
('3907', 'Tállya'),
('3908', 'Rátka'),
('3909', 'Mád'),
('3910', 'Tokaj'),
('3915', 'Tarcal'),
('3916', 'Bodrogkeresztúr'),
('3917', 'Bodrogkisfalud'),
('3918', 'Szegi'),
('3918', 'Szegilong'),
('3921', 'Taktaszada'),
('3922', 'Taktaharkány'),
('3923', 'Gesztely'),
('3924', 'Taktakenéz'),
('3925', 'Prügy'),
('3926', 'Taktabáj'),
('3927', 'Csobaj'),
('3928', 'Tiszatardos'),
('3929', 'Tiszaladány'),
('3931', 'Mezőzombor'),
('3932', 'Erdőbénye'),
('3933', 'Olaszliszka'),
('3934', 'Tolcsva'),
('3935', 'Erdőhorváti'),
('3936', 'Háromhuta'),
('3937', 'Komlóska'),
('3941', 'Vámosújfalu'),
('3942', 'Sárazsadány'),
('3943', 'Bodrogolaszi'),
('3944', 'Sátoraljaújhely'),
('3945', 'Sátoraljaújhely'),
('3950', 'Sárospatak'),
('3954', 'Györgytarló'),
('3955', 'Kenézlő'),
('3956', 'Viss'),
('3957', 'Zalkod'),
('3958', 'Hercegkút'),
('3959', 'Makkoshotyka'),
('3961', 'Vajdácska'),
('3962', 'Karos'),
('3963', 'Karcsa'),
('3964', 'Pácin'),
('3965', 'Nagyrozvágy'),
('3965', 'Kisrozvágy'),
('3967', 'Lácacséke'),
('3971', 'Tiszakarád'),
('3972', 'Tiszacsermely'),
('3973', 'Cigánd'),
('3974', 'Ricse'),
('3974', 'Semjén'),
('3976', 'Révleányvár'),
('3977', 'Zemplénagárd'),
('3978', 'Dámóc'),
('3980', 'Sátoraljaújhely'),
('3985', 'Alsóberecki'),
('3985', 'Felsőberecki'),
('3987', 'Bodroghalom'),
('3988', 'Sátoraljaújhely'),
('3989', 'Mikóháza'),
('3989', 'Alsóregmec'),
('3989', 'Felsőregmec'),
('3991', 'Vilyvitány'),
('3992', 'Kovácsvágás'),
('3992', 'Vágáshuta'),
('3993', 'Füzérradvány'),
('3994', 'Pálháza'),
('3994', 'Bózsva'),
('3994', 'Filkeháza'),
('3994', 'Füzérkajata'),
('3994', 'Kishuta'),
('3994', 'Nagyhuta'),
('3995', 'Pusztafalu'),
('3996', 'Füzér'),
('3997', 'Füzérkomlós'),
('3998', 'Nyíri'),
('3999', 'Hollóháza'),
('4000', 'Debrecen'),
('4060', 'Balmazújváros'),
('4064', 'Nagyhegyes'),
('4065', 'Újszentmargita'),
('4066', 'Tiszacsege'),
('4067', 'Egyek'),
('4069', 'Egyek'),
('4071', 'Hortobágy'),
('4074', 'Hajdúböszörmény'),
('4075', 'Görbeháza'),
('4080', 'Hajdúnánás'),
('4085', 'Hajdúnánás'),
('4086', 'Hajdúböszörmény'),
('4087', 'Hajdúdorog'),
('4090', 'Polgár'),
('4095', 'Folyás'),
('4096', 'Újtikos'),
('4097', 'Tiszagyulaháza'),
('4100', 'Berettyóújfalu'),
('4110', 'Biharkeresztes'),
('4114', 'Bojt'),
('4115', 'Ártánd '),
('4116', 'Berekböszörmény'),
('4117', 'Told '),
('4118', 'Mezőpeterd'),
('4119', 'Váncsod'),
('4121', 'Szentpéterszeg'),
('4122', 'Gáborján'),
('4123', 'Hencida'),
('4124', 'Esztár'),
('4125', 'Pocsaj'),
('4126', 'Kismarja'),
('4127', 'Nagykereki'),
('4128', 'Bedő'),
('4130', 'Derecske'),
('4132', 'Tépe'),
('4133', 'Konyár'),
('4134', 'Mezősas'),
('4135', 'Körösszegapáti'),
('4136', 'Körösszakál'),
('4137', 'Magyarhomorog'),
('4138', 'Komádi'),
('4141', 'Furta'),
('4142', 'Zsáka'),
('4143', 'Vekerd'),
('4144', 'Darvas'),
('4145', 'Csökmő'),
('4146', 'Újiráz'),
('4150', 'Püspökladány'),
('4161', 'Báránd'),
('4162', 'Szerep'),
('4163', 'Szerep'),
('4164', 'Bakonszeg'),
('4171', 'Sárrétudvari'),
('4172', 'Biharnagybajom'),
('4173', 'Nagyrábé'),
('4174', 'Bihartorda'),
('4175', 'Bihardancsháza'),
('4176', 'Sáp'),
('4177', 'Földes'),
('4181', 'Nádudvar'),
('4183', 'Kaba'),
('4184', 'Tetétlen'),
('4200', 'Hajdúszoboszló'),
('4211', 'Ebes'),
('4212', 'Hajdúszovát'),
('4220', 'Hajdúböszörmény'),
('4224', 'Hajdúböszörmény'),
('4231', 'Bököny'),
('4232', 'Geszteréd'),
('4233', 'Balkány'),
('4234', 'Szakoly'),
('4235', 'Biri'),
('4241', 'Bocskaikert'),
('4242', 'Hajdúhadház'),
('4243', 'Téglás'),
('4244', 'Újfehértó'),
('4245', 'Érpatak'),
('4246', 'Nyíregyháza'),
('4251', 'Hajdúsámson'),
('4252', 'Nyíradony'),
('4253', 'Nyíradony'),
('4254', 'Nyíradony'),
('4262', 'Nyíracsád'),
('4263', 'Nyírmártonfalva'),
('4264', 'Nyírábrány'),
('4266', 'Fülöp'),
('4267', 'Penészlek'),
('4271', 'Mikepércs'),
('4272', 'Sáránd'),
('4273', 'Hajdúbagos'),
('4274', 'Hosszúpályi'),
('4275', 'Monostorpályi'),
('4281', 'Létavértes '),
('4283', 'Létavértes '),
('4284', 'Kokad'),
('4285', 'Álmosd'),
('4286', 'Bagamér'),
('4287', 'Vámospércs'),
('4288', 'Újléta'),
('4300', 'Nyírbátor'),
('4311', 'Nyírgyulaj'),
('4320', 'Nagykálló'),
('4324', 'Kállósemjén'),
('4325', 'Kisléta'),
('4326', 'Máriapócs'),
('4327', 'Pócspetri'),
('4331', 'Nyírcsászári'),
('4332', 'Nyírderzs'),
('4333', 'Nyírkáta'),
('4334', 'Hodász'),
('4335', 'Kántorjánosi'),
('4336', 'Őr'),
('4337', 'Jármi'),
('4338', 'Papos '),
('4341', 'Nyírvasvári'),
('4342', 'Terem'),
('4343', 'Bátorliget'),
('4351', 'Vállaj'),
('4352', 'Mérk'),
('4353', 'Tiborszállás'),
('4354', 'Fábiánháza'),
('4355', 'Nagyecsed'),
('4356', 'Nyírcsaholy'),
('4361', 'Nyírbogát'),
('4362', 'Nyírgelse'),
('4363', 'Nyírmihálydi'),
('4371', 'Nyírlugos'),
('4372', 'Nyírbéltek'),
('4373', 'Ömböly'),
('4374', 'Encsencs'),
('4375', 'Piricse'),
('4376', 'Nyírpilis'),
('4400', 'Nyíregyháza'),
('4405', 'Nyíregyháza'),
('4431', 'Nyíregyháza'),
('4432', 'Nyíregyháza'),
('4433', 'Nyíregyháza'),
('4434', 'Kálmánháza'),
('4440', 'Tiszavasvári'),
('4441', 'Szorgalmatos'),
('4445', 'Nagycserkesz'),
('4446', 'Tiszaeszlár'),
('4447', 'Tiszalök'),
('4450', 'Tiszalök'),
('4455', 'Tiszadada'),
('4456', 'Tiszadob'),
('4461', 'Nyírtelek'),
('4463', 'Tiszanagyfalu'),
('4464', 'Tiszaeszlár    '),
('4465', 'Rakamaz'),
('4466', 'Timár'),
('4467', 'Szabolcs'),
('4468', 'Balsa'),
('4471', 'Gávavencsellő   '),
('4472', 'Gávavencsellő   '),
('4474', 'Tiszabercel'),
('4475', 'Paszab'),
('4481', 'Nyíregyháza'),
('4482', 'Kótaj'),
('4483', 'Buj'),
('4484', 'Ibrány'),
('4485', 'Nagyhalász'),
('4486', 'Tiszatelek'),
('4487', 'Tiszatelek'),
('4488', 'Beszterec'),
('4491', 'Újdombrád'),
('4492', 'Dombrád'),
('4493', 'Tiszakanyár'),
('4494', 'Kékcse'),
('4495', 'Döge'),
('4496', 'Szabolcsveresmart'),
('4501', 'Kemecse'),
('4502', 'Vasmegyer'),
('4503', 'Tiszarád'),
('4511', 'Nyírbogdány '),
('4515', 'Kék'),
('4516', 'Demecser'),
('4517', 'Gégény'),
('4521', 'Berkesz '),
('4522', 'Nyírtass'),
('4523', 'Pátroha'),
('4524', 'Ajak'),
('4525', 'Rétközberencs'),
('4531', 'Nyírpazony'),
('4532', 'Nyírtura'),
('4533', 'Sényő'),
('4534', 'Székely'),
('4535', 'Nyíribrony'),
('4536', 'Ramocsaháza'),
('4537', 'Nyírkércs'),
('4541', 'Nyírjákó'),
('4542', 'Petneháza'),
('4543', 'Laskod'),
('4544', 'Nyírkarász'),
('4545', 'Gyulaháza'),
('4546', 'Anarcs'),
('4547', 'Szabolcsbáka'),
('4551', 'Nyíregyháza'),
('4552', 'Napkor'),
('4553', 'Apagy'),
('4554', 'Nyírtét'),
('4555', 'Levelek'),
('4556', 'Magy'),
('4557', 'Besenyőd'),
('4558', 'Ófehértó'),
('4561', 'Baktalórántháza'),
('4562', 'Vaja'),
('4563', 'Rohod'),
('4564', 'Nyírmada'),
('4565', 'Pusztadobos'),
('4566', 'Ilk'),
('4567', 'Gemzse'),
('4600', 'Kisvárda'),
('4611', 'Jéke'),
('4621', 'Fényeslitke'),
('4622', 'Komoró'),
('4623', 'Tuzsér'),
('4624', 'Tiszabezdéd'),
('4625', 'Záhony'),
('4625', 'Győröcske'),
('4627', 'Zsurk'),
('4628', 'Tiszaszentmárton'),
('4631', 'Pap'),
('4632', 'Nyírlövő'),
('4633', 'Lövőpetri'),
('4634', 'Aranyosapáti'),
('4635', 'Újkenéz'),
('4641', 'Mezőladány'),
('4642', 'Tornyospálca'),
('4643', 'Benk'),
('4644', 'Mándok'),
('4645', 'Tiszamogyorós'),
('4646', 'Eperjeske'),
('4700', 'Mátészalka'),
('4721', 'Szamoskér'),
('4722', 'Nyírmeggyes'),
('4731', 'Tunyogmatolcs'),
('4732', 'Cégénydányád'),
('4733', 'Gyügye'),
('4734', 'Szamosújlak'),
('4735', 'Szamossályi'),
('4735', 'Hermánszeg'),
('4737', 'Kisnamény'),
('4737', 'Darnó'),
('4741', 'Jánkmajtis'),
('4742', 'Csegöld'),
('4743', 'Csengersima'),
('4745', 'Szamosbecs'),
('4746', 'Szamostatárfalva'),
('4751', 'Kocsord'),
('4752', 'Győrtelek'),
('4754', 'Géberjén'),
('4754', 'Fülpösdaróc'),
('4755', 'Ököritófülpös'),
('4756', 'Rápolt'),
('4761', 'Porcsalma'),
('4762', 'Tyukod'),
('4763', 'Ura'),
('4764', 'Csengerújfalu'),
('4765', 'Csenger'),
('4765', 'Komlódtótfalu'),
('4766', 'Pátyod'),
('4767', 'Szamosangyalos'),
('4800', 'Vásárosnamény'),
('4803', 'Vásárosnamény'),
('4804', 'Vásárosnamény'),
('4811', 'Kisvarsány'),
('4812', 'Nagyvarsány'),
('4813', 'Gyüre '),
('4821', 'Ópályi'),
('4822', 'Nyírparasznya'),
('4823', 'Nagydobos'),
('4824', 'Szamosszeg'),
('4826', 'Olcsva'),
('4831', 'Tiszaszalka'),
('4832', 'Tiszavid'),
('4833', 'Tiszaadony'),
('4834', 'Tiszakerecseny'),
('4835', 'Mátyus'),
('4836', 'Lónya'),
('4841', 'Jánd'),
('4842', 'Gulács'),
('4843', 'Hetefejércse'),
('4844', 'Csaroda'),
('4845', 'Tákos'),
('4900', 'Fehérgyarmat'),
('4911', 'Nábrád'),
('4912', 'Kérsemjén'),
('4913', 'Panyola'),
('4914', 'Olcsvaapáti'),
('4921', 'Kisar'),
('4921', 'Tivadar'),
('4922', 'Nagyar'),
('4931', 'Tarpa'),
('4932', 'Márokpapi'),
('4933', 'Beregsurány'),
('4934', 'Beregdaróc'),
('4935', 'Gelénes'),
('4936', 'Vámosatya'),
('4937', 'Barabás'),
('4941', 'Penyige'),
('4942', 'Mánd'),
('4942', 'Nemesborzova'),
('4943', 'Kömörő'),
('4944', 'Túristvándi'),
('4945', 'Szatmárcseke'),
('4946', 'Tiszakóród'),
('4947', 'Tiszacsécse'),
('4948', 'Milota'),
('4951', 'Tiszabecs'),
('4952', 'Uszka'),
('4953', 'Magosliget'),
('4954', 'Sonkád'),
('4955', 'Botpalád'),
('4956', 'Kispalád'),
('4961', 'Zsarolyán'),
('4962', 'Nagyszekeres'),
('4963', 'Kisszekeres'),
('4964', 'Fülesd'),
('4965', 'Kölcse'),
('4966', 'Vámosoroszi'),
('4967', 'Csaholc'),
('4968', 'Túrricse'),
('4969', 'Tisztaberek'),
('4971', 'Rozsály'),
('4972', 'Gacsály'),
('4973', 'Császló'),
('4974', 'Zajta'),
('4975', 'Méhtelek'),
('4976', 'Garbolc'),
('4977', 'Nagyhódos'),
('4977', 'Kishódos'),
('5000', 'Szolnok'),
('5008', 'Szolnok'),
('5051', 'Zagyvarékas'),
('5052', 'Újszász'),
('5053', 'Szászberek'),
('5054', 'Jászalsószentgyörgy'),
('5055', 'Jászladány'),
('5061', 'Tiszasüly'),
('5062', 'Kőtelek'),
('5063', 'Hunyadfalva'),
('5064', 'Csataszög'),
('5065', 'Nagykörű'),
('5071', 'Besenyszög'),
('5081', 'Szajol'),
('5082', 'Tiszatenyő'),
('5083', 'Kengyel'),
('5084', 'Rákócziújfalu'),
('5085', 'Rákóczifalva'),
('5091', 'Tószeg'),
('5092', 'Tiszavárkony'),
('5093', 'Vezseny'),
('5094', 'Tiszajenő'),
('5095', 'Tiszavárkony'),
('5100', 'Jászberény'),
('5111', 'Jászfelsőszentgyörgy'),
('5121', 'Jászjákóhalma'),
('5122', 'Jászdózsa'),
('5123', 'Jászárokszállás'),
('5124', 'Jászágó'),
('5125', 'Pusztamonostor'),
('5126', 'Jászfényszaru'),
('5130', 'Jászapáti'),
('5135', 'Jászivány'),
('5136', 'Jászszentandrás'),
('5137', 'Jászkisér'),
('5141', 'Jásztelek'),
('5142', 'Alattyán'),
('5143', 'Jánoshida'),
('5144', 'Jászboldogháza'),
('5152', 'Jászberény'),
('5200', 'Törökszentmiklós'),
('5211', 'Tiszapüspöki'),
('5212', 'Törökszentmiklós'),
('5213', 'Fegyvernek'),
('5222', 'Örményes'),
('5231', 'Fegyvernek'),
('5232', 'Tiszabő'),
('5233', 'Tiszagyenda'),
('5234', 'Tiszaroff'),
('5235', 'Tiszabura'),
('5241', 'Abádszalók'),
('5243', 'Tiszaderzs'),
('5244', 'Tiszaszőlős'),
('5300', 'Karcag'),
('5309', 'Berekfürdő'),
('5310', 'Kisújszállás'),
('5321', 'Kunmadaras'),
('5322', 'Tiszaszentimre'),
('5323', 'Tiszaszentimre'),
('5324', 'Tomajmonostora'),
('5331', 'Kenderes'),
('5340', 'Kunhegyes'),
('5349', 'Kenderes'),
('5350', 'Tiszafüred'),
('5358', 'Tiszafüred'),
('5359', 'Tiszafüred'),
('5361', 'Tiszaigar'),
('5362', 'Tiszaörs'),
('5363', 'Nagyiván'),
('5400', 'Mezőtúr'),
('5411', 'Kétpó'),
('5412', 'Kuncsorba'),
('5420', 'Túrkeve'),
('5430', 'Tiszaföldvár'),
('5435', 'Martfű'),
('5440', 'Kunszentmárton'),
('5449', 'Kunszentmárton'),
('5451', 'Öcsöd'),
('5452', 'Mesterszállás'),
('5453', 'Mezőhék'),
('5461', 'Tiszaföldvár'),
('5462', 'Cibakháza'),
('5463', 'Nagyrév'),
('5464', 'Tiszainoka'),
('5465', 'Cserkeszőlő'),
('5471', 'Tiszakürt'),
('5474', 'Tiszasas'),
('5475', 'Csépa'),
('5476', 'Szelevény'),
('5500', 'Gyomaendrőd    '),
('5502', 'Gyomaendrőd    '),
('5510', 'Dévaványa'),
('5515', 'Ecsegfalva'),
('5516', 'Körösladány'),
('5520', 'Szeghalom'),
('5525', 'Füzesgyarmat'),
('5526', 'Kertészsziget'),
('5527', 'Bucsa'),
('5530', 'Vésztő'),
('5534', 'Okány'),
('5536', 'Körösújfalu'),
('5537', 'Zsadány'),
('5538', 'Biharugra'),
('5539', 'Körösnagyharsány'),
('5540', 'Szarvas'),
('5551', 'Csabacsűd'),
('5552', 'Kardos'),
('5553', 'Kondoros'),
('5555', 'Hunya'),
('5556', 'Örménykút'),
('5561', 'Békésszentandrás'),
('5600', 'Békéscsaba'),
('5609', 'Csabaszabadi '),
('5621', 'Csárdaszállás'),
('5622', 'Köröstarcsa'),
('5623', 'Békéscsaba'),
('5624', 'Doboz'),
('5630', 'Békés'),
('5641', 'Tarhos'),
('5643', 'Bélmegyer'),
('5650', 'Mezőberény'),
('5661', 'Újkígyós'),
('5662', 'Csanádapáca'),
('5663', 'Medgyesbodzás'),
('5664', 'Medgyesbodzás'),
('5665', 'Pusztaottlaka'),
('5666', 'Medgyesegyháza  '),
('5667', 'Magyarbánhegyes'),
('5668', 'Nagybánhegyes'),
('5671', 'Békéscsaba'),
('5672', 'Murony'),
('5673', 'Kamut'),
('5674', 'Kétsoprony'),
('5675', 'Telekgerendás'),
('5700', 'Gyula'),
('5711', 'Gyula'),
('5712', 'Szabadkígyós'),
('5720', 'Sarkad'),
('5725', 'Kötegyán'),
('5726', 'Méhkerék'),
('5727', 'Újszalonta'),
('5731', 'Sarkadkeresztúr'),
('5732', 'Mezőgyán'),
('5734', 'Geszt'),
('5741', 'Kétegyháza'),
('5742', 'Elek'),
('5743', 'Lőkösháza'),
('5744', 'Kevermes'),
('5745', 'Dombiratos'),
('5746', 'Kunágota'),
('5747', 'Almáskamarás'),
('5751', 'Nagykamarás'),
('5752', 'Medgyesegyháza'),
('5800', 'Mezőkovácsháza'),
('5811', 'Végegyháza'),
('5820', 'Mezőhegyes'),
('5830', 'Battonya'),
('5836', 'Dombegyház'),
('5837', 'Kisdombegyház'),
('5838', 'Magyardombegyház'),
('5900', 'Orosháza'),
('5903', 'Orosháza'),
('5904', 'Orosháza'),
('5905', 'Orosháza'),
('5919', 'Pusztaföldvár'),
('5920', 'Csorvás'),
('5925', 'Gerendás'),
('5931', 'Nagyszénás'),
('5932', 'Gádoros'),
('5940', 'Tótkomlós'),
('5945', 'Kardoskút'),
('5946', 'Békéssámson'),
('5948', 'Kaszaper'),
('6000', 'Kecskemét'),
('6008', 'Kecskemét'),
('6031', 'Szentkirály'),
('6032', 'Nyárlőrinc'),
('6033', 'Városföld'),
('6034', 'Helvécia'),
('6035', 'Ballószög'),
('6041', 'Kerekegyháza'),
('6042', 'Fülöpháza'),
('6043', 'Kunbaracs'),
('6044', 'Kecskemét'),
('6045', 'Ladánybene'),
('6050', 'Lajosmizse'),
('6055', 'Felsőlajos '),
('6060', 'Tiszakécske'),
('6062', 'Tiszakécske'),
('6064', 'Tiszaug'),
('6065', 'Lakitelek'),
('6066', 'Tiszaalpár '),
('6067', 'Tiszaalpár '),
('6070', 'Izsák'),
('6075', 'Páhi'),
('6076', 'Ágasegyháza'),
('6077', 'Orgovány'),
('6078', 'Jakabszállás'),
('6080', 'Szabadszállás'),
('6085', 'Fülöpszállás'),
('6086', 'Szalkszentmárton'),
('6087', 'Dunavecse'),
('6088', 'Apostag'),
('6090', 'Kunszentmiklós '),
('6096', 'Kunpeszér'),
('6097', 'Kunadacs'),
('6098', 'Tass'),
('6100', 'Kiskunfélegyháza'),
('6111', 'Gátér'),
('6112', 'Pálmonostora'),
('6113', 'Petőfiszállás'),
('6114', 'Bugac'),
('6114', 'Bugacpusztaháza'),
('6115', 'Kunszállás'),
('6116', 'Fülöpjakab '),
('6120', 'Kiskunmajsa'),
('6131', 'Szank'),
('6132', 'Móricgát '),
('6133', 'Jászszentlászló'),
('6134', 'Kömpöc'),
('6135', 'Csólyospálos'),
('6136', 'Harkakötöny'),
('6200', 'Kiskőrös'),
('6211', 'Kaskantyú'),
('6221', 'Akasztó'),
('6222', 'Csengőd'),
('6223', 'Soltszentimre'),
('6224', 'Tabdi'),
('6230', 'Soltvadkert'),
('6235', 'Bócsa'),
('6236', 'Tázlár'),
('6237', 'Kecel'),
('6238', 'Imrehegy'),
('6239', 'Császártöltés'),
('6300', 'Kalocsa'),
('6311', 'Öregcsertő'),
('6320', 'Solt'),
('6321', 'Újsolt'),
('6323', 'Dunaegyháza'),
('6325', 'Dunatetétlen'),
('6326', 'Harta '),
('6327', 'Harta '),
('6328', 'Dunapataj'),
('6331', 'Foktő'),
('6332', 'Uszód'),
('6333', 'Dunaszentbenedek'),
('6334', 'Géderlak'),
('6335', 'Ordas'),
('6336', 'Szakmár'),
('6337', 'Újtelek'),
('6341', 'Homokmégy'),
('6342', 'Drágszél'),
('6343', 'Miske'),
('6344', 'Hajós'),
('6345', 'Nemesnádudvar'),
('6346', 'Sükösd'),
('6347', 'Érsekcsanád'),
('6348', 'Érsekhalma'),
('6351', 'Bátya'),
('6352', 'Fajsz'),
('6353', 'Dusnok'),
('6400', 'Kiskunhalas'),
('6411', 'Zsana'),
('6412', 'Balotaszállás'),
('6413', 'Kunfehértó'),
('6414', 'Pirtó'),
('6421', 'Kisszállás'),
('6422', 'Tompa'),
('6423', 'Kelebia'),
('6424', 'Csikéria'),
('6425', 'Bácsszőlős'),
('6430', 'Bácsalmás'),
('6435', 'Kunbaja'),
('6440', 'Jánoshalma'),
('6444', 'Kéleshalom '),
('6445', 'Borota'),
('6446', 'Rém'),
('6447', 'Felsőszentiván'),
('6448', 'Csávoly'),
('6449', 'Mélykút'),
('6451', 'Tataháza'),
('6452', 'Mátételke'),
('6453', 'Bácsbokod'),
('6454', 'Bácsborsód'),
('6455', 'Katymár'),
('6456', 'Madaras'),
('6500', 'Baja'),
('6503', 'Baja'),
('6511', 'Bácsszentgyörgy'),
('6512', 'Szeremle'),
('6513', 'Dunafalva'),
('6521', 'Vaskút'),
('6522', 'Gara'),
('6523', 'Csátalja'),
('6524', 'Dávod'),
('6525', 'Hercegszántó'),
('6527', 'Nagybaracska'),
('6528', 'Bátmonostor'),
('6600', 'Szentes'),
('6612', 'Nagytőke'),
('6621', 'Derekegyház'),
('6622', 'Nagymágocs'),
('6623', 'Árpádhalom'),
('6624', 'Eperjes'),
('6625', 'Fábiánsebestyén'),
('6630', 'Mindszent'),
('6635', 'Szegvár'),
('6636', 'Mártély'),
('6640', 'Csongrád'),
('6645', 'Felgyő'),
('6646', 'Tömörkény'),
('6647', 'Csanytelek'),
('6648', 'Csongrád'),
('6700', 'Szeged'),
('6750', 'Algyő'),
('6754', 'Újszentiván'),
('6755', 'Kübekháza'),
('6756', 'Tiszasziget'),
('6758', 'Röszke'),
('6760', 'Kistelek'),
('6762', 'Sándorfalva'),
('6763', 'Szatymaz'),
('6764', 'Balástya'),
('6765', 'Csengele'),
('6766', 'Dóc'),
('6767', 'Ópusztaszer'),
('6768', 'Baks'),
('6769', 'Pusztaszer'),
('6772', 'Deszk'),
('6773', 'Klárafalva'),
('6774', 'Ferencszállás'),
('6775', 'Kiszombor'),
('6781', 'Domaszék'),
('6782', 'Mórahalom'),
('6783', 'Ásotthalom'),
('6784', 'Öttömös'),
('6785', 'Pusztamérges'),
('6786', 'Ruzsa'),
('6787', 'Zákányszék'),
('6792', 'Zsombó'),
('6793', 'Forráskút'),
('6794', 'Üllés'),
('6795', 'Bordány'),
('6800', 'Hódmezővásárhely'),
('6805', 'Hódmezővásárhely'),
('6806', 'Hódmezővásárhely'),
('6821', 'Székkutas'),
('6900', 'Makó'),
('6903', 'Makó'),
('6911', 'Királyhegyes'),
('6912', 'Kövegy'),
('6913', 'Csanádpalota'),
('6914', 'Pitvaros'),
('6915', 'Csanádalberti'),
('6916', 'Ambrózfalva'),
('6917', 'Nagyér'),
('6921', 'Maroslele'),
('6922', 'Földeák'),
('6923', 'Óföldeák'),
('6931', 'Apátfalva'),
('6932', 'Magyarcsanád'),
('6933', 'Nagylak'),
('7000', 'Sárbogárd'),
('7003', 'Sárbogárd'),
('7011', 'Alap'),
('7012', 'Alsószentiván'),
('7013', 'Cece'),
('7014', 'Sáregres'),
('7015', 'Igar'),
('7016', 'Igar'),
('7017', 'Mezőszilas'),
('7018', 'Sárbogárd'),
('7019', 'Sárbogárd'),
('7020', 'Dunaföldvár'),
('7025', 'Bölcske'),
('7026', 'Madocsa'),
('7027', 'Paks'),
('7030', 'Paks'),
('7038', 'Pusztahencse'),
('7039', 'Németkér'),
('7041', 'Vajta'),
('7042', 'Pálfa'),
('7043', 'Bikács'),
('7044', 'Nagydorog'),
('7045', 'Györköny'),
('7047', 'Sárszentlőrinc'),
('7051', 'Kajdacs'),
('7052', 'Kölesd'),
('7054', 'Tengelic'),
('7056', 'Szedres'),
('7057', 'Medina'),
('7061', 'Belecska'),
('7062', 'Keszőhidegkút'),
('7063', 'Szárazd'),
('7064', 'Gyönk'),
('7065', 'Miszla'),
('7066', 'Udvari'),
('7067', 'Varsád'),
('7068', 'Kistormás'),
('7071', 'Szakadát'),
('7072', 'Diósberény'),
('7081', 'Simontornya'),
('7082', 'Kisszékely'),
('7083', 'Tolnanémedi'),
('7084', 'Pincehely'),
('7085', 'Nagyszékely'),
('7086', 'Ozora'),
('7087', 'Fürged'),
('7090', 'Tamási'),
('7091', 'Pári'),
('7092', 'Nagykónyi'),
('7093', 'Értény'),
('7094', 'Koppányszántó'),
('7095', 'Iregszemcse'),
('7095', 'Újireg'),
('7097', 'Nagyszokoly'),
('7098', 'Magyarkeszi'),
('7099', 'Felsőnyék'),
('7100', 'Szekszárd'),
('7121', 'Szálka'),
('7122', 'Kakasd'),
('7130', 'Tolna'),
('7131', 'Tolna'),
('7132', 'Bogyiszló'),
('7133', 'Fadd'),
('7134', 'Gerjen'),
('7135', 'Dunaszentgyörgy'),
('7136', 'Fácánkert'),
('7140', 'Bátaszék'),
('7142', 'Pörböly'),
('7143', 'Őcsény'),
('7144', 'Decs'),
('7145', 'Sárpilis'),
('7146', 'Várdomb'),
('7147', 'Alsónána'),
('7148', 'Alsónyék'),
('7149', 'Báta'),
('7150', 'Bonyhád'),
('7158', 'Bonyhádvarasd'),
('7159', 'Kisdorog'),
('7161', 'Cikó'),
('7162', 'Grábóc'),
('7163', 'Mőcsény'),
('7164', 'Bátaapáti'),
('7165', 'Mórágy'),
('7171', 'Sióagárd'),
('7172', 'Harc'),
('7173', 'Zomba'),
('7174', 'Kéty'),
('7175', 'Felsőnána'),
('7176', 'Murga'),
('7181', 'Tevel'),
('7182', 'Závod'),
('7183', 'Kisvejke'),
('7184', 'Lengyel'),
('7185', 'Mucsfa'),
('7186', 'Aparhant'),
('7186', 'Nagyvejke'),
('7187', 'Bonyhád'),
('7188', 'Szárász'),
('7191', 'Hőgyész'),
('7192', 'Szakály'),
('7193', 'Regöly'),
('7194', 'Kalaznó'),
('7195', 'Mucsi'),
('7200', 'Dombóvár'),
('7211', 'Dalmand'),
('7212', 'Kocsola'),
('7213', 'Szakcs'),
('7214', 'Lápafő'),
('7214', 'Várong'),
('7215', 'Nak'),
('7224', 'Dúzs'),
('7225', 'Csibrák'),
('7226', 'Kurd'),
('7227', 'Gyulaj'),
('7228', 'Döbrököz'),
('7251', 'Kapospula'),
('7252', 'Attala'),
('7253', 'Csoma'),
('7253', 'Szabadi'),
('7255', 'Nagyberki'),
('7256', 'Kercseliget'),
('7257', 'Mosdós'),
('7258', 'Baté'),
('7258', 'Kaposkeresztúr'),
('7261', 'Taszár'),
('7261', 'Kaposhomok'),
('7271', 'Fonó'),
('7272', 'Gölle'),
('7273', 'Büssü'),
('7274', 'Kazsok'),
('7275', 'Igal'),
('7276', 'Somogyszil'),
('7276', 'Gadács'),
('7279', 'Kisgyalán'),
('7281', 'Bonnya'),
('7282', 'Kisbárapáti'),
('7282', 'Fiad'),
('7283', 'Somogyacsa'),
('7284', 'Somogydöröcske'),
('7285', 'Törökkoppány'),
('7285', 'Kára'),
('7285', 'Szorosad'),
('7300', 'Komló'),
('7304', 'Mánfa '),
('7305', 'Mecsekpölöske'),
('7331', 'Liget'),
('7332', 'Magyaregregy'),
('7333', 'Kárász'),
('7333', 'Vékény'),
('7334', 'Szalatnak'),
('7334', 'Köblény'),
('7341', 'Csikóstőttős'),
('7342', 'Mágocs'),
('7343', 'Nagyhajmás'),
('7344', 'Mekényes'),
('7345', 'Alsómocsolád'),
('7346', 'Bikal'),
('7347', 'Egyházaskozár'),
('7348', 'Hegyhátmaróc'),
('7348', 'Tófű'),
('7349', 'Szászvár'),
('7351', 'Máza'),
('7352', 'Györe'),
('7353', 'Izmény'),
('7354', 'Váralja'),
('7355', 'Nagymányok'),
('7356', 'Kismányok'),
('7357', 'Jágónak'),
('7361', 'Kaposszekcső'),
('7362', 'Vásárosdombó'),
('7362', 'Gerényes'),
('7362', 'Tarrós'),
('7370', 'Sásd'),
('7370', 'Felsőegerszeg'),
('7370', 'Meződ'),
('7370', 'Oroszló'),
('7370', 'Palé'),
('7370', 'Varga'),
('7370', 'Vázsnok'),
('7381', 'Kisvaszar'),
('7381', 'Ág'),
('7381', 'Tékes'),
('7383', 'Tormás'),
('7383', 'Baranyaszentgyörgy'),
('7383', 'Szágy'),
('7384', 'Baranyajenő'),
('7385', 'Gödre'),
('7386', 'Gödre'),
('7391', 'Mindszentgodisa'),
('7391', 'Kisbeszterce'),
('7391', 'Kishajmás'),
('7393', 'Bakóca'),
('7394', 'Magyarhertelend'),
('7394', 'Bodolyabér'),
('7396', 'Magyarszék'),
('7400', 'Kaposvár'),
('7400', 'Zselickislak'),
('7431', 'Juta'),
('7432', 'Hetes'),
('7432', 'Csombárd'),
('7434', 'Mezőcsokonya'),
('7435', 'Somogysárd'),
('7436', 'Újvárfalva'),
('7439', 'Bodrog'),
('7441', 'Magyaregres'),
('7442', 'Várda'),
('7443', 'Somogyjád'),
('7443', 'Alsóbogát'),
('7443', 'Edde'),
('7444', 'Osztopán'),
('7452', 'Somogyaszaló'),
('7451', 'Kaposvár'),
('7453', 'Mernye'),
('7454', 'Somodor'),
('7455', 'Somogygeszti'),
('7456', 'Felsőmocsolád'),
('7457', 'Ecseny'),
('7458', 'Polány'),
('7461', 'Orci'),
('7463', 'Magyaratád'),
('7463', 'Patalom'),
('7464', 'Ráksi'),
('7465', 'Szentgáloskér'),
('7471', 'Zimány'),
('7472', 'Szentbalázs'),
('7472', 'Cserénfa'),
('7473', 'Gálosfa'),
('7473', 'Hajmás'),
('7473', 'Kaposgyarmat'),
('7474', 'Simonfa'),
('7474', 'Zselicszentpál'),
('7475', 'Bőszénfa'),
('7476', 'Kaposszerdahely'),
('7477', 'Szenna'),
('7477', 'Patca'),
('7477', 'Szilvásszentmárton'),
('7477', 'Zselickisfalud'),
('7478', 'Bárdudvarnok'),
('7479', 'Sántos'),
('7500', 'Nagyatád'),
('7511', 'Ötvöskónyi'),
('7512', 'Mike'),
('7513', 'Rinyaszentkirály'),
('7514', 'Tarany'),
('7515', 'Somogyudvarhely'),
('7516', 'Berzence'),
('7517', 'Bolhás'),
('7521', 'Kaposmérő'),
('7522', 'Kaposújlak'),
('7523', 'Kaposfő'),
('7523', 'Kisasszond'),
('7524', 'Kiskorpád'),
('7525', 'Jákó'),
('7526', 'Csököly'),
('7527', 'Gige'),
('7527', 'Rinyakovácsi'),
('7530', 'Kadarkút'),
('7530', 'Kőkút'),
('7532', 'Hencse'),
('7533', 'Hedrehely'),
('7533', 'Visnye'),
('7535', 'Lad'),
('7536', 'Patosfa'),
('7537', 'Homokszentgyörgy'),
('7538', 'Kálmáncsa'),
('7539', 'Szulok'),
('7541', 'Kutas'),
('7542', 'Kisbajom'),
('7543', 'Beleg'),
('7544', 'Szabás'),
('7545', 'Nagykorpád'),
('7551', 'Lábod'),
('7552', 'Rinyabesenyő'),
('7553', 'Görgeteg'),
('7555', 'Csokonyavisonta'),
('7556', 'Rinyaújlak'),
('7557', 'Barcs'),
('7561', 'Nagybajom'),
('7561', 'Pálmajor'),
('7562', 'Segesd'),
('7563', 'Somogyszob'),
('7564', 'Kaszó'),
('7570', 'Barcs'),
('7582', 'Komlósd'),
('7582', 'Péterhida'),
('7584', 'Babócsa'),
('7584', 'Rinyaújnép'),
('7584', 'Somogyaracs'),
('7585', 'Háromfa'),
('7585', 'Bakháza'),
('7586', 'Bolhó'),
('7587', 'Heresznye'),
('7588', 'Vízvár'),
('7589', 'Bélavár'),
('7600', 'Pécs'),
('7639', 'Kökény'),
('7661', 'Erzsébet'),
('7661', 'Kátoly'),
('7661', 'Kékesd'),
('7661', 'Szellő'),
('7663', 'Máriakéménd'),
('7664', 'Berkesd'),
('7664', 'Pereked'),
('7664', 'Szilágy'),
('7666', 'Pogány'),
('7668', 'Keszü'),
('7668', 'Gyód'),
('7671', 'Bicsérd'),
('7671', 'Aranyosgadány'),
('7671', 'Zók'),
('7672', 'Boda'),
('7673', 'Kővágószőlős'),
('7673', 'Cserkút'),
('7675', 'Bakonya'),
('7675', 'Kővágótöttös'),
('7677', 'Orfű '),
('7678', 'Abaliget'),
('7678', 'Husztót'),
('7678', 'Kovácsszénája'),
('7681', 'Hetvehely'),
('7681', 'Okorvölgy'),
('7681', 'Szentkatalin'),
('7682', 'Bükkösd'),
('7683', 'Helesfa'),
('7683', 'Cserdi'),
('7683', 'Dinnyeberki'),
('7694', 'Hosszúhetény'),
('7695', 'Mecseknádasd'),
('7695', 'Óbánya'),
('7695', 'Ófalu'),
('7696', 'Hidas'),
('7700', 'Mohács'),
('7711', 'Bár'),
('7712', 'Dunaszekcső'),
('7714', 'Mohács'),
('7715', 'Mohács'),
('7716', 'Homorúd'),
('7717', 'Kölked'),
('7718', 'Udvar'),
('7720', 'Pécsvárad'),
('7720', 'Apátvarasd'),
('7720', 'Lovászhetény'),
('7720', 'Martonfa'),
('7720', 'Zengővárkony'),
('7723', 'Erdősmecske'),
('7724', 'Feked'),
('7725', 'Szebény'),
('7726', 'Véménd'),
('7727', 'Palotabozsok'),
('7728', 'Somberek'),
('7728', 'Görcsönydoboka'),
('7731', 'Nagypall'),
('7732', 'Fazekasboda'),
('7733', 'Geresdlak'),
('7733', 'Maráza'),
('7735', 'Himesháza'),
('7735', 'Erdősmárok'),
('7735', 'Szűr'),
('7737', 'Székelyszabar'),
('7741', 'Nagykozár'),
('7742', 'Bogád'),
('7743', 'Romonya'),
('7744', 'Ellend'),
('7745', 'Olasz'),
('7745', 'Hásságy'),
('7747', 'Belvárdgyula'),
('7747', 'Birján'),
('7751', 'Szederkény'),
('7751', 'Monyoród'),
('7752', 'Versend'),
('7753', 'Szajk'),
('7754', 'Bóly'),
('7755', 'Töttös'),
('7756', 'Borjád'),
('7756', 'Kisbudmér'),
('7756', 'Nagybudmér'),
('7756', 'Pócsa'),
('7757', 'Babarc'),
('7757', 'Liptód'),
('7759', 'Lánycsók'),
('7759', 'Kisnyárád'),
('7761', 'Kozármisleny'),
('7761', 'Lothárd'),
('7761', 'Magyarsarlós'),
('7762', 'Pécsudvard'),
('7763', 'Egerág'),
('7763', 'Áta'),
('7763', 'Kisherend'),
('7763', 'Szemely'),
('7763', 'Szőkéd'),
('7766', 'Újpetre'),
('7766', 'Kiskassa'),
('7766', 'Peterd'),
('7766', 'Pécsdevecser'),
('7768', 'Vokány'),
('7768', 'Kistótfalu'),
('7771', 'Palkonya'),
('7772', 'Villánykövesd'),
('7772', 'Ivánbattyán'),
('7773', 'Villány'),
('7773', 'Kisjakabfalva'),
('7774', 'Márok'),
('7775', 'Magyarbóly'),
('7775', 'Illocska'),
('7775', 'Kislippó'),
('7775', 'Lapáncsa'),
('7781', 'Lippó'),
('7781', 'Ivándárda'),
('7781', 'Sárok'),
('7782', 'Bezedek'),
('7783', 'Majs'),
('7784', 'Nagynyárád'),
('7785', 'Sátorhely'),
('7800', 'Siklós'),
('7800', 'Kisharsány'),
('7800', 'Nagytótfalu'),
('7811', 'Szalánta'),
('7811', 'Bisse'),
('7811', 'Bosta'),
('7811', 'Csarnóta'),
('7811', 'Szilvás'),
('7811', 'Túrony'),
('7812', 'Garé'),
('7813', 'Szava'),
('7814', 'Ócsárd'),
('7814', 'Babarcszőlős'),
('7814', 'Kisdér'),
('7814', 'Siklósbodony'),
('7815', 'Harkány'),
('7817', 'Diósviszló'),
('7817', 'Márfa'),
('7817', 'Rádfalva'),
('7822', 'Nagyharsány'),
('7823', 'Siklósnagyfalu'),
('7823', 'Kistapolca'),
('7824', 'Egyházasharaszti'),
('7825', 'Old'),
('7826', 'Alsószentmárton'),
('7827', 'Beremend'),
('7827', 'Kásád'),
('7831', 'Pellérd'),
('7833', 'Görcsöny'),
('7833', 'Regenye'),
('7833', 'Szőke'),
('7834', 'Baksa'),
('7834', 'Tengeri'),
('7834', 'Téseny'),
('7836', 'Bogádmindszent'),
('7836', 'Ózdfalu'),
('7837', 'Hegyszentmárton'),
('7838', 'Vajszló'),
('7838', 'Besence'),
('7838', 'Hirics'),
('7838', 'Lúzsok'),
('7838', 'Nagycsány'),
('7838', 'Páprád'),
('7838', 'Piskó'),
('7838', 'Vejti'),
('7839', 'Zaláta'),
('7839', 'Kemse'),
('7841', 'Sámod'),
('7841', 'Adorjás'),
('7841', 'Baranyahídvég'),
('7841', 'Kisszentmárton'),
('7841', 'Kórós'),
('7843', 'Kémes'),
('7843', 'Cún'),
('7843', 'Drávapiski'),
('7843', 'Szaporca'),
('7843', 'Tésenfa'),
('7846', 'Drávacsepely'),
('7847', 'Kovácshida'),
('7847', 'Drávaszerdahely'),
('7847', 'Ipacsfa'),
('7849', 'Drávacsehi'),
('7850', 'Drávapalkonya'),
('7851', 'Drávaszabolcs'),
('7853', 'Gordisa'),
('7854', 'Matty'),
('7900', 'Szigetvár'),
('7900', 'Botykapeterd'),
('7900', 'Csertő'),
('7912', 'Nagypeterd'),
('7912', 'Nyugotszenterzsébet'),
('7912', 'Nagyváty'),
('7913', 'Szentdénes'),
('7914', 'Rózsafa'),
('7914', 'Bánfa'),
('7914', 'Katádfa'),
('7915', 'Dencsháza'),
('7915', 'Szentegát'),
('7918', 'Lakócsa'),
('7918', 'Szentborbás'),
('7918', 'Tótújfalu'),
('7921', 'Somogyhatvan'),
('7922', 'Somogyapáti'),
('7923', 'Basal'),
('7923', 'Patapoklosi'),
('7924', 'Somogyviszló'),
('7925', 'Somogyhárságy'),
('7925', 'Magyarlukafa'),
('7926', 'Vásárosbéc'),
('7932', 'Mozsgó'),
('7932', 'Almáskeresztúr'),
('7932', 'Szulimán'),
('7934', 'Almamellék'),
('7935', 'Ibafa'),
('7935', 'Csebény'),
('7935', 'Horváthertelend'),
('7936', 'Szentlászló'),
('7937', 'Boldogasszonyfa'),
('7940', 'Szentlőrinc'),
('7940', 'Csonkamindszent'),
('7940', 'Kacsóta'),
('7951', 'Szabadszentkirály'),
('7951', 'Gerde'),
('7951', 'Pécsbagota'),
('7951', 'Velény'),
('7953', 'Királyegyháza'),
('7954', 'Magyarmecske'),
('7954', 'Gilvánfa'),
('7954', 'Gyöngyfa'),
('7954', 'Kisasszonyfa'),
('7954', 'Magyartelek'),
('7957', 'Okorág '),
('7958', 'Kákics '),
('7960', 'Sellye'),
('7960', 'Drávaiványi'),
('7960', 'Drávasztára'),
('7960', 'Marócsa'),
('7960', 'Sósvertike'),
('7960', 'Sumony'),
('7964', 'Csányoszró'),
('7966', 'Bogdása'),
('7967', 'Drávafok'),
('7967', 'Drávakeresztúr'),
('7967', 'Markóc'),
('7968', 'Felsőszentmárton'),
('7971', 'Hobol'),
('7972', 'Gyöngyösmellék'),
('7973', 'Teklafalu'),
('7973', 'Bürüs'),
('7973', 'Endrőc'),
('7973', 'Várad'),
('7975', 'Kétújfalu'),
('7976', 'Zádor'),
('7976', 'Szörény'),
('7977', 'Kastélyosdombó'),
('7977', 'Drávagárdony'),
('7977', 'Potony'),
('7979', 'Drávatamási'),
('7980', 'Pettend'),
('7981', 'Nemeske'),
('7981', 'Kistamási'),
('7981', 'Merenye'),
('7981', 'Molvány'),
('7981', 'Tótszentgyörgy'),
('7985', 'Nagydobsza'),
('7985', 'Kisdobsza'),
('7987', 'Istvándi'),
('7988', 'Darány'),
('8000', 'Székesfehérvár'),
('8019', 'Székesfehérvár'),
('8041', 'Csór'),
('8042', 'Moha'),
('8043', 'Iszkaszentgyörgy'),
('8044', 'Kincsesbánya'),
('8045', 'Isztimér'),
('8046', 'Bakonykúti'),
('8051', 'Sárkeresztes'),
('8052', 'Fehérvárcsurgó'),
('8053', 'Bodajk'),
('8054', 'Balinka'),
('8055', 'Balinka'),
('8056', 'Bakonycsernye'),
('8060', 'Mór'),
('8065', 'Nagyveleg'),
('8066', 'Pusztavám'),
('8071', 'Magyaralmás'),
('8072', 'Söréd'),
('8073', 'Csákberény'),
('8074', 'Csókakő'),
('8080', 'Bodmér'),
('8081', 'Zámoly'),
('8082', 'Gánt'),
('8083', 'Csákvár'),
('8085', 'Vértesboglár'),
('8086', 'Felcsút'),
('8087', 'Alcsútdoboz'),
('8088', 'Tabajd'),
('8089', 'Vértesacsa'),
('8092', 'Pátka'),
('8093', 'Lovasberény'),
('8095', 'Pákozd'),
('8096', 'Sukoró'),
('8097', 'Nadap'),
('8100', 'Várpalota'),
('8105', 'Pétfürdő'),
('8109', 'Tés'),
('8111', 'Seregélyes'),
('8112', 'Zichyújfalu'),
('8121', 'Tác'),
('8122', 'Csősz'),
('8123', 'Soponya'),
('8124', 'Káloz'),
('8125', 'Sárkeresztúr'),
('8126', 'Sárszentágota'),
('8127', 'Aba'),
('8130', 'Enying'),
('8131', 'Enying'),
('8132', 'Lepsény'),
('8133', 'Mezőszentgyörgy'),
('8134', 'Mátyásdomb'),
('8135', 'Dég'),
('8136', 'Lajoskomárom'),
('8137', 'Mezőkomárom'),
('8138', 'Szabadhídvég'),
('8139', 'Szabadhídvég'),
('8142', 'Úrhida'),
('8143', 'Sárszentmihály'),
('8144', 'Sárkeszi'),
('8145', 'Nádasdladány'),
('8146', 'Jenő'),
('8151', 'Szabadbattyán'),
('8152', 'Kőszárhegy'),
('8154', 'Polgárdi'),
('8156', 'Kisláng'),
('8157', 'Füle'),
('8161', 'Ősi'),
('8162', 'Küngös'),
('8163', 'Csajág'),
('8164', 'Balatonfőkajár'),
('8171', 'Balatonvilágos'),
('8172', 'Balatonakarattya'),
('8174', 'Balatonkenese'),
('8175', 'Balatonfűzfő'),
('8181', 'Berhida'),
('8182', 'Berhida'),
('8183', 'Papkeszi'),
('8184', 'Balatonfűzfő'),
('8191', 'Öskü'),
('8192', 'Hajmáskér'),
('8193', 'Sóly'),
('8194', 'Vilonya'),
('8195', 'Királyszentistván'),
('8196', 'Litér'),
('8200', 'Veszprém'),
('8220', 'Balatonalmádi'),
('8225', 'Szentkirályszabadja'),
('8226', 'Alsóörs'),
('8227', 'Felsőörs'),
('8228', 'Lovas'),
('8229', 'Csopak'),
('8229', 'Paloznak'),
('8230', 'Balatonfüred'),
('8233', 'Balatonszőlős'),
('8237', 'Tihany'),
('8241', 'Aszófő'),
('8242', 'Balatonudvari'),
('8242', 'Örvényes'),
('8243', 'Balatonakali'),
('8244', 'Dörgicse'),
('8245', 'Pécsely'),
('8245', 'Vászoly'),
('8246', 'Tótvázsony'),
('8247', 'Hidegkút'),
('8248', 'Nemesvámos'),
('8248', 'Veszprémfajsz'),
('8251', 'Zánka '),
('8252', 'Balatonszepezd'),
('8253', 'Révfülöp'),
('8254', 'Kővágóörs'),
('8254', 'Kékkút'),
('8255', 'Balatonrendes'),
('8255', 'Kővágóörs'),
('8256', 'Ábrahámhegy'),
('8256', 'Salföld'),
('8257', 'Badacsonytomaj'),
('8258', 'Badacsonytomaj'),
('8261', 'Badacsonytomaj'),
('8263', 'Badacsonytördemic'),
('8264', 'Szigliget'),
('8265', 'Hegymagas'),
('8271', 'Mencshely'),
('8272', 'Szentantalfa'),
('8272', 'Balatoncsicsó'),
('8272', 'Óbudavár'),
('8272', 'Szentjakabfa'),
('8272', 'Tagyon'),
('8273', 'Monoszló'),
('8274', 'Köveskál'),
('8275', 'Balatonhenye'),
('8281', 'Szentbékkálla'),
('8282', 'Mindszentkálla'),
('8283', 'Káptalantóti'),
('8284', 'Nemesgulács'),
('8284', 'Kisapáti'),
('8286', 'Gyulakeszi'),
('8291', 'Nagyvázsony'),
('8291', 'Barnag'),
('8291', 'Pula'),
('8291', 'Vöröstó'),
('8292', 'Öcs'),
('8294', 'Kapolcs'),
('8294', 'Vigántpetend'),
('8295', 'Taliándörögd'),
('8296', 'Monostorapáti'),
('8296', 'Hegyesd'),
('8297', 'Tapolca'),
('8300', 'Tapolca'),
('8300', 'Raposka'),
('8308', 'Zalahaláp'),
('8308', 'Sáska'),
('8311', 'Nemesvita'),
('8312', 'Balatonederics'),
('8313', 'Balatongyörök'),
('8314', 'Vonyarcvashegy'),
('8315', 'Gyenesdiás'),
('8316', 'Várvölgy'),
('8316', 'Vállus'),
('8317', 'Lesencefalu'),
('8318', 'Lesencetomaj'),
('8319', 'Lesenceistvánd'),
('8321', 'Uzsa'),
('8330', 'Sümeg'),
('8341', 'Mihályfa'),
('8341', 'Kisvásárhely'),
('8341', 'Szalapa'),
('8342', 'Óhíd'),
('8344', 'Zalaerdőd'),
('8344', 'Hetyefő'),
('8345', 'Dabronc'),
('8346', 'Gógánfa'),
('8347', 'Ukk'),
('8348', 'Rigács'),
('8348', 'Megyer'),
('8348', 'Zalameggyes'),
('8349', 'Zalagyömörő'),
('8351', 'Sümegprága'),
('8352', 'Bazsi'),
('8353', 'Zalaszántó'),
('8353', 'Vindornyalak'),
('8354', 'Karmacs'),
('8354', 'Vindornyafok'),
('8354', 'Zalaköveskút'),
('8355', 'Vindornyaszőlős'),
('8356', 'Kisgörbő'),
('8356', 'Nagygörbő'),
('8357', 'Sümegcsehi'),
('8357', 'Döbröce'),
('8360', 'Keszthely'),
('8371', 'Nemesbük'),
('8372', 'Cserszegtomaj'),
('8373', 'Rezi'),
('8380', 'Hévíz'),
('8391', 'Sármellék'),
('8392', 'Zalavár'),
('8393', 'Szentgyörgyvár'),
('8394', 'Alsópáhok'),
('8395', 'Felsőpáhok'),
('8400', 'Ajka'),
('8409', 'Úrkút'),
('8411', 'Veszprém'),
('8412', 'Veszprém'),
('8413', 'Eplény'),
('8414', 'Olaszfalu'),
('8415', 'Nagyesztergár'),
('8416', 'Dudar'),
('8417', 'Csetény'),
('8418', 'Bakonyoszlop'),
('8419', 'Csesznek'),
('8420', 'Zirc'),
('8422', 'Bakonynána'),
('8423', 'Szápár');
INSERT INTO `zip_codes` (`zip`, `name`) VALUES
('8424', 'Jásd'),
('8425', 'Lókút'),
('8426', 'Pénzesgyőr'),
('8427', 'Bakonybél'),
('8428', 'Borzavár'),
('8429', 'Porva'),
('8430', 'Bakonyszentkirály'),
('8431', 'Bakonyszentlászló'),
('8432', 'Fenyőfő'),
('8433', 'Bakonygyirót'),
('8434', 'Románd'),
('8435', 'Gic'),
('8438', 'Veszprémvarsány'),
('8439', 'Sikátor'),
('8440', 'Herend'),
('8441', 'Márkó'),
('8442', 'Hárskút'),
('8443', 'Bánd'),
('8444', 'Szentgál'),
('8445', 'Városlőd'),
('8445', 'Csehbánya'),
('8446', 'Kislőd'),
('8447', 'Ajka'),
('8448', 'Ajka'),
('8449', 'Magyarpolány'),
('8451', 'Ajka'),
('8452', 'Halimba'),
('8452', 'Szőc'),
('8454', 'Nyirád'),
('8455', 'Pusztamiske'),
('8456', 'Noszlop'),
('8457', 'Bakonypölöske'),
('8458', 'Oroszi'),
('8460', 'Devecser'),
('8468', 'Kolontár'),
('8469', 'Kamond'),
('8471', 'Káptalanfa'),
('8471', 'Bodorfa'),
('8471', 'Nemeshany'),
('8473', 'Gyepükaján'),
('8474', 'Csabrendek'),
('8475', 'Veszprémgalsa'),
('8475', 'Hosztót'),
('8475', 'Szentimrefalva'),
('8476', 'Zalaszegvár'),
('8477', 'Tüskevár'),
('8477', 'Apácatorna'),
('8477', 'Kisberzseny'),
('8478', 'Somlójenő'),
('8479', 'Borszörcsök'),
('8481', 'Somlóvásárhely'),
('8482', 'Doba'),
('8483', 'Somlószőlős'),
('8483', 'Kisszőlős'),
('8484', 'Nagyalásony'),
('8484', 'Somlóvecse'),
('8484', 'Vid'),
('8485', 'Dabrony'),
('8491', 'Karakószörcsök'),
('8492', 'Kerta'),
('8493', 'Iszkáz'),
('8494', 'Kiscsősz'),
('8495', 'Csögle'),
('8496', 'Nagypirit'),
('8496', 'Kispirit'),
('8497', 'Adorjánháza'),
('8497', 'Egeralja'),
('8500', 'Pápa'),
('8511', 'Pápa'),
('8512', 'Nyárád'),
('8513', 'Mihályháza'),
('8514', 'Mezőlak'),
('8515', 'Békás'),
('8516', 'Kemeneshőgyész'),
('8517', 'Magyargencs'),
('8518', 'Kemenesszentpéter'),
('8521', 'Nagyacsád'),
('8522', 'Nemesgörzsöny'),
('8523', 'Egyházaskesző'),
('8523', 'Várkesző'),
('8531', 'Marcaltő'),
('8532', 'Marcaltő'),
('8533', 'Malomsok'),
('8541', 'Takácsi'),
('8542', 'Vaszar'),
('8543', 'Gecse'),
('8551', 'Nagygyimót'),
('8552', 'Vanyola'),
('8553', 'Lovászpatona'),
('8554', 'Nagydém'),
('8555', 'Bakonytamási'),
('8556', 'Pápateszér'),
('8557', 'Bakonyszentiván'),
('8557', 'Bakonyság'),
('8558', 'Csót'),
('8561', 'Adásztevel'),
('8562', 'Nagytevel'),
('8563', 'Homokbödöge'),
('8564', 'Ugod'),
('8565', 'Béb'),
('8571', 'Bakonykoppány'),
('8572', 'Bakonyszücs'),
('8581', 'Bakonyjákó'),
('8581', 'Németbánya'),
('8582', 'Farkasgyepű'),
('8591', 'Pápa'),
('8591', 'Nóráp'),
('8592', 'Dáka'),
('8593', 'Pápadereske'),
('8594', 'Pápasalamon'),
('8595', 'Kup'),
('8596', 'Pápakovácsi'),
('8597', 'Ganna'),
('8597', 'Döbrönte'),
('8598', 'Pápa'),
('8600', 'Siófok'),
('8612', 'Nyim'),
('8613', 'Balatonendréd'),
('8614', 'Bálványos'),
('8617', 'Kőröshegy '),
('8618', 'Kereki'),
('8619', 'Pusztaszemes'),
('8621', 'Zamárdi'),
('8622', 'Szántód'),
('8623', 'Balatonföldvár'),
('8624', 'Balatonszárszó'),
('8625', 'Szólád'),
('8626', 'Teleki'),
('8627', 'Kötcse'),
('8628', 'Nagycsepely'),
('8630', 'Balatonboglár'),
('8635', 'Ordacsehi'),
('8636', 'Balatonszemes'),
('8637', 'Balatonőszöd'),
('8638', 'Balatonlelle'),
('8640', 'Fonyód'),
('8646', 'Balatonfenyves'),
('8647', 'Balatonmáriafürdő'),
('8648', 'Balatonkeresztúr '),
('8649', 'Balatonberény'),
('8651', 'Balatonszabadi'),
('8652', 'Siójut'),
('8653', 'Ádánd'),
('8654', 'Ságvár'),
('8655', 'Som'),
('8656', 'Nagyberény'),
('8658', 'Bábonymegyer'),
('8660', 'Tab'),
('8660', 'Lulla'),
('8660', 'Sérsekszőlős'),
('8660', 'Torvaj'),
('8660', 'Zala'),
('8666', 'Bedegkér'),
('8666', 'Somogyegres'),
('8667', 'Kánya'),
('8668', 'Tengőd'),
('8669', 'Miklósi'),
('8671', 'Kapoly'),
('8672', 'Zics'),
('8673', 'Somogymeggyes'),
('8674', 'Nágocs'),
('8675', 'Andocs'),
('8676', 'Karád'),
('8681', 'Látrány'),
('8681', 'Visz'),
('8683', 'Somogytúr'),
('8684', 'Somogybabod'),
('8685', 'Gamás'),
('8691', 'Balatonboglár'),
('8692', 'Szőlősgyörök'),
('8692', 'Gyugy'),
('8693', 'Lengyeltóti'),
('8693', 'Kisberény'),
('8694', 'Hács'),
('8695', 'Buzsák'),
('8696', 'Táska'),
('8697', 'Öreglak'),
('8698', 'Somogyvár'),
('8698', 'Pamuk'),
('8699', 'Somogyvámos'),
('8700', 'Marcali'),
('8700', 'Csömend'),
('8705', 'Somogyszentpál'),
('8706', 'Nikla'),
('8707', 'Pusztakovácsi'),
('8707', 'Libickozma'),
('8708', 'Somogyfajsz'),
('8709', 'Marcali'),
('8710', 'Balatonszentgyörgy '),
('8711', 'Vörs'),
('8712', 'Balatonújlak'),
('8713', 'Kéthely'),
('8714', 'Marcali'),
('8714', 'Kelevíz'),
('8715', 'Gadány'),
('8716', 'Mesztegnyő'),
('8716', 'Hosszúvíz'),
('8717', 'Szenyér'),
('8717', 'Nemeskisfalud'),
('8718', 'Tapsony'),
('8719', 'Böhönye'),
('8721', 'Vése'),
('8722', 'Nemesdéd'),
('8723', 'Varászló'),
('8724', 'Inke'),
('8725', 'Iharosberény'),
('8726', 'Iharos'),
('8726', 'Somogycsicsó'),
('8728', 'Pogányszentpéter'),
('8731', 'Hollád'),
('8731', 'Tikos'),
('8732', 'Sávoly'),
('8732', 'Főnyed'),
('8732', 'Szegerdő'),
('8733', 'Somogysámson'),
('8734', 'Somogyzsitfa'),
('8735', 'Csákány'),
('8736', 'Szőkedencs'),
('8737', 'Somogysimonyi'),
('8738', 'Nemesvid'),
('8739', 'Nagyszakácsi'),
('8741', 'Zalaapáti'),
('8741', 'Bókaháza'),
('8742', 'Esztergályhorváti'),
('8743', 'Zalaszabar'),
('8744', 'Orosztony'),
('8745', 'Kerecseny'),
('8746', 'Nagyrada'),
('8747', 'Garabonc'),
('8747', 'Zalamerenye'),
('8749', 'Zalakaros'),
('8751', 'Zalakomár'),
('8752', 'Zalakomár'),
('8753', 'Balatonmagyaród'),
('8754', 'Galambok'),
('8756', 'Nagyrécse'),
('8756', 'Csapi'),
('8756', 'Kisrécse'),
('8756', 'Zalasárszeg'),
('8761', 'Pacsa'),
('8761', 'Zalaigrice'),
('8762', 'Szentpéterúr'),
('8762', 'Gétye'),
('8764', 'Dióskál'),
('8764', 'Zalaszentmárton'),
('8765', 'Egeraracsa'),
('8767', 'Felsőrajk'),
('8767', 'Alsórajk'),
('8767', 'Pötréte'),
('8771', 'Hahót'),
('8772', 'Zalaszentbalázs'),
('8772', 'Börzönce'),
('8773', 'Pölöskefő'),
('8773', 'Kacorlak'),
('8774', 'Gelse'),
('8774', 'Gelsesziget'),
('8774', 'Kilimán'),
('8776', 'Magyarszerdahely'),
('8776', 'Bocska'),
('8776', 'Magyarszentmiklós'),
('8777', 'Hosszúvölgy'),
('8777', 'Fűzvölgy'),
('8777', 'Homokkomárom'),
('8778', 'Újudvar'),
('8782', 'Zalacsány'),
('8782', 'Ligetfalva'),
('8782', 'Tilaj'),
('8784', 'Kehidakustány'),
('8785', 'Zalaszentgrót'),
('8785', 'Kallósd'),
('8788', 'Zalaszentlászló'),
('8788', 'Sénye'),
('8789', 'Zalaszentgrót'),
('8790', 'Zalaszentgrót'),
('8792', 'Zalavég'),
('8793', 'Tekenye'),
('8795', 'Zalaszentgrót'),
('8796', 'Türje'),
('8797', 'Batyk'),
('8798', 'Zalabér'),
('8799', 'Pakod'),
('8799', 'Dötk'),
('8800', 'Nagykanizsa'),
('8808', 'Nagykanizsa'),
('8809', 'Nagykanizsa'),
('8821', 'Nagybakónak'),
('8822', 'Zalaújlak'),
('8824', 'Sand'),
('8825', 'Miháld'),
('8825', 'Pat'),
('8827', 'Zalaszentjakab'),
('8831', 'Nagykanizsa'),
('8832', 'Liszó'),
('8834', 'Murakeresztúr'),
('8835', 'Fityeház'),
('8840', 'Csurgó'),
('8840', 'Csurgónagymarton'),
('8849', 'Szenta'),
('8851', 'Gyékényes'),
('8852', 'Zákány'),
('8853', 'Zákányfalu'),
('8854', 'Őrtilos'),
('8855', 'Belezna'),
('8856', 'Surd'),
('8857', 'Nemespátró'),
('8858', 'Porrog'),
('8858', 'Porrogszentkirály'),
('8858', 'Porrogszentpál'),
('8858', 'Somogybükkösd'),
('8861', 'Szepetnek'),
('8862', 'Semjénháza'),
('8863', 'Molnári'),
('8864', 'Tótszerdahely'),
('8865', 'Tótszentmárton'),
('8866', 'Becsehely'),
('8866', 'Petrivente'),
('8868', 'Letenye'),
('8868', 'Kistolmács'),
('8868', 'Murarátka'),
('8868', 'Zajk'),
('8872', 'Muraszemenye'),
('8872', 'Szentmargitfalva'),
('8873', 'Csörnyeföld'),
('8874', 'Dobri'),
('8874', 'Kerkaszentkirály'),
('8876', 'Tormafölde'),
('8877', 'Tornyiszentmiklós'),
('8878', 'Lovászi'),
('8879', 'Szécsisziget'),
('8879', 'Kerkateskánd'),
('8881', 'Sormás'),
('8882', 'Eszteregnye'),
('8883', 'Rigyác'),
('8885', 'Borsfa'),
('8885', 'Valkonya'),
('8886', 'Oltárc'),
('8887', 'Bázakerettye'),
('8887', 'Lasztonya'),
('8888', 'Lispeszentadorján'),
('8888', 'Kiscsehi'),
('8888', 'Maróc'),
('8891', 'Bánokszentgyörgy'),
('8891', 'Várfölde'),
('8893', 'Szentliszló'),
('8893', 'Bucsuta'),
('8895', 'Pusztamagyaród'),
('8896', 'Pusztaszentlászló'),
('8897', 'Söjtör'),
('8900', 'Zalaegerszeg'),
('8904', 'Zalaegerszeg'),
('8911', 'Nagykutas'),
('8911', 'Kiskutas'),
('8912', 'Kispáli'),
('8912', 'Nagypáli'),
('8913', 'Egervár'),
('8913', 'Gősfa'),
('8913', 'Lakhegy'),
('8914', 'Vasboldogasszony'),
('8915', 'Nemesrádó'),
('8917', 'Milejszeg'),
('8918', 'Csonkahegyhát'),
('8918', 'Németfalu'),
('8919', 'Kustánszeg'),
('8921', 'Zalaszentiván'),
('8921', 'Alibánfa'),
('8921', 'Pethőhenye'),
('8921', 'Zalaszentlőrinc'),
('8923', 'Nemesapáti'),
('8924', 'Alsónemesapáti'),
('8925', 'Búcsúszentlászló'),
('8925', 'Nemessándorháza'),
('8925', 'Nemesszentandrás'),
('8926', 'Kisbucsa'),
('8928', 'Nemeshetés'),
('8929', 'Pölöske'),
('8931', 'Kemendollár'),
('8931', 'Vöckönd'),
('8932', 'Pókaszepetk'),
('8932', 'Gyűrűs'),
('8932', 'Zalaistvánd'),
('8934', 'Bezeréd'),
('8935', 'Nagykapornak'),
('8935', 'Almásháza'),
('8935', 'Misefa'),
('8935', 'Orbányosfa'),
('8935', 'Padár'),
('8936', 'Zalaszentmihály'),
('8943', 'Bocfölde'),
('8943', 'Csatár'),
('8944', 'Sárhida'),
('8945', 'Bak'),
('8946', 'Tófej'),
('8946', 'Baktüttös'),
('8946', 'Pusztaederics'),
('8947', 'Zalatárnok'),
('8947', 'Szentkozmadombja'),
('8948', 'Nova'),
('8948', 'Barlahida'),
('8949', 'Mikekarácsonyfa'),
('8951', 'Gutorfölde'),
('8951', 'Csertalakos'),
('8953', 'Szentpéterfölde'),
('8954', 'Ortaháza'),
('8956', 'Páka'),
('8956', 'Kányavár'),
('8956', 'Pördefölde'),
('8957', 'Csömödér'),
('8957', 'Hernyék'),
('8957', 'Kissziget'),
('8957', 'Zebecke'),
('8958', 'Iklódbördőce'),
('8960', 'Lenti'),
('8960', 'Gosztola'),
('8966', 'Lenti'),
('8969', 'Gáborjánháza'),
('8969', 'Bödeháza'),
('8969', 'Szijártóháza'),
('8969', 'Zalaszombatfa'),
('8971', 'Zalabaksa'),
('8971', 'Kerkabarabás'),
('8973', 'Csesztreg'),
('8973', 'Alsószenterzsébet'),
('8973', 'Felsőszenterzsébet'),
('8973', 'Kerkafalva'),
('8973', 'Kerkakutas'),
('8973', 'Magyarföld'),
('8973', 'Ramocsa'),
('8975', 'Szentgyörgyvölgy'),
('8976', 'Nemesnép'),
('8976', 'Márokföld'),
('8977', 'Resznek'),
('8977', 'Baglad'),
('8977', 'Lendvajakabfa'),
('8978', 'Rédics'),
('8978', 'Belsősárd'),
('8978', 'Külsősárd'),
('8978', 'Lendvadedes'),
('8981', 'Gellénháza'),
('8981', 'Lickóvadamos'),
('8983', 'Nagylengyel'),
('8983', 'Babosdöbréte'),
('8983', 'Ormándlak'),
('8984', 'Petrikeresztúr'),
('8984', 'Gombosszeg'),
('8984', 'Iborfia'),
('8985', 'Becsvölgye'),
('8986', 'Pórszombat'),
('8986', 'Pusztaapáti'),
('8986', 'Szilvágy'),
('8988', 'Kálócfa'),
('8988', 'Kozmadombja'),
('8989', 'Dobronhegy'),
('8990', 'Pálfiszeg'),
('8991', 'Teskánd'),
('8991', 'Böde'),
('8991', 'Hottó'),
('8992', 'Bagod'),
('8992', 'Boncodfölde'),
('8992', 'Hagyárosbörönd'),
('8992', 'Zalaboldogfa'),
('8994', 'Zalaszentgyörgy'),
('8994', 'Kávás'),
('8995', 'Salomvár'),
('8995', 'Keménfa'),
('8996', 'Zalacséb'),
('8997', 'Zalaháshágy'),
('8998', 'Vaspör'),
('8998', 'Ozmánbük'),
('8999', 'Zalalövő'),
('8999', 'Csöde'),
('9000', 'Győr'),
('9061', 'Vámosszabadi'),
('9062', 'Kisbajcs'),
('9062', 'Vének'),
('9063', 'Nagybajcs'),
('9064', 'Vámosszabadi'),
('9071', 'Gönyű'),
('9072', 'Nagyszentjános'),
('9073', 'Bőny'),
('9074', 'Rétalap'),
('9081', 'Győrújbarát'),
('9082', 'Nyúl'),
('9083', 'Écs'),
('9084', 'Győrság'),
('9085', 'Pázmándfalu'),
('9086', 'Töltéstava'),
('9088', 'Bakonypéterd'),
('9089', 'Lázi'),
('9090', 'Pannonhalma'),
('9091', 'Ravazd'),
('9092', 'Tarjánpuszta'),
('9093', 'Győrasszonyfa'),
('9094', 'Tápszentmiklós'),
('9095', 'Táp'),
('9096', 'Nyalka'),
('9097', 'Mezőörs'),
('9098', 'Mezőörs'),
('9099', 'Pér'),
('9100', 'Tét'),
('9111', 'Tényő'),
('9112', 'Sokorópátka'),
('9113', 'Koroncó'),
('9121', 'Győrszemere'),
('9122', 'Felpéc'),
('9123', 'Kajárpéc'),
('9124', 'Gyömöre'),
('9125', 'Szerecseny'),
('9126', 'Gyarmat'),
('9127', 'Csikvánd'),
('9131', 'Mórichida'),
('9132', 'Árpás'),
('9133', 'Kisbabot'),
('9133', 'Rábaszentmiklós'),
('9134', 'Bodonhely'),
('9135', 'Rábaszentmihály'),
('9136', 'Rábacsécsény'),
('9136', 'Mérges'),
('9141', 'Ikrény'),
('9142', 'Rábapatona'),
('9143', 'Enese'),
('9144', 'Kóny'),
('9145', 'Bágyogszovát'),
('9146', 'Rábapordány'),
('9147', 'Dör'),
('9151', 'Abda'),
('9152', 'Börcs'),
('9153', 'Öttevény'),
('9154', 'Mosonszentmiklós'),
('9155', 'Lébény'),
('9161', 'Győrsövényház'),
('9162', 'Bezi'),
('9163', 'Fehértó'),
('9164', 'Markotabödöge'),
('9165', 'Rábcakapi'),
('9165', 'Cakóháza'),
('9165', 'Tárnokréti'),
('9167', 'Bősárkány'),
('9167', 'Jánossomorja    '),
('9168', 'Acsalag'),
('9168', 'Csorna'),
('9169', 'Barbacs'),
('9169', 'Maglóca'),
('9171', 'Győrújfalu'),
('9172', 'Győrzámoly'),
('9173', 'Győrladamér'),
('9174', 'Dunaszeg'),
('9175', 'Dunaszentpál'),
('9176', 'Mecsér'),
('9177', 'Ásványráró'),
('9178', 'Hédervár'),
('9181', 'Kimle'),
('9182', 'Károlyháza'),
('9183', 'Mosonszentmiklós'),
('9183', 'Mosonszentmiklós'),
('9184', 'Kunsziget'),
('9200', 'Mosonmagyaróvár'),
('9211', 'Feketeerdő'),
('9221', 'Levél'),
('9222', 'Hegyeshalom'),
('9223', 'Bezenye'),
('9224', 'Rajka'),
('9225', 'Dunakiliti'),
('9226', 'Dunasziget'),
('9228', 'Halászi'),
('9231', 'Máriakálnok'),
('9232', 'Darnózseli'),
('9233', 'Lipót'),
('9234', 'Kisbodak'),
('9235', 'Püski'),
('9235', 'Dunaremete'),
('9241', 'Jánossomorja    '),
('9241', 'Jánossomorja'),
('9242', 'Jánossomorja    '),
('9243', 'Várbalog'),
('9244', 'Újrónafő'),
('9245', 'Mosonszolnok'),
('9246', 'Mosonudvar'),
('9300', 'Csorna'),
('9311', 'Pásztori'),
('9312', 'Szilsárkány'),
('9313', 'Rábacsanak'),
('9314', 'Egyed'),
('9315', 'Sobor'),
('9316', 'Rábaszentandrás'),
('9317', 'Szany'),
('9321', 'Farád'),
('9322', 'Rábatamási'),
('9323', 'Jobaháza'),
('9324', 'Bogyoszló'),
('9324', 'Potyond'),
('9325', 'Sopronnémeti'),
('9326', 'Szil'),
('9327', 'Vág'),
('9327', 'Rábasebes'),
('9330', 'Kapuvár'),
('9339', 'Kapuvár'),
('9341', 'Kisfalud'),
('9342', 'Mihályi'),
('9343', 'Beled'),
('9343', 'Edve'),
('9343', 'Vásárosfalu'),
('9344', 'Rábakecöl'),
('9345', 'Páli'),
('9346', 'Magyarkeresztúr'),
('9346', 'Vadosfa'),
('9346', 'Zsebeháza'),
('9351', 'Babót'),
('9352', 'Veszkény'),
('9353', 'Szárföld'),
('9354', 'Osli'),
('9361', 'Hövej'),
('9362', 'Himod'),
('9363', 'Gyóró'),
('9364', 'Cirák'),
('9365', 'Dénesfa'),
('9371', 'Vitnyéd'),
('9372', 'Csapod'),
('9373', 'Pusztacsalád'),
('9374', 'Iván'),
('9375', 'Répceszemere'),
('9375', 'Csáfordjánosfa'),
('9375', 'Csér'),
('9400', 'Sopron'),
('9407', 'Sopron'),
('9408', 'Sopron'),
('9421', 'Fertőrákos'),
('9422', 'Harka'),
('9423', 'Ágfalva'),
('9431', 'Fertőd'),
('9433', 'Fertőd'),
('9434', 'Sarród'),
('9435', 'Sarród'),
('9436', 'Fertőszéplak'),
('9437', 'Hegykő'),
('9438', 'Sarród'),
('9441', 'Agyagosszergény'),
('9442', 'Fertőendréd'),
('9443', 'Petőháza'),
('9444', 'Fertőszentmiklós'),
('9451', 'Röjtökmuzsaj'),
('9451', 'Ebergőc'),
('9461', 'Lövő'),
('9462', 'Völcsej'),
('9463', 'Sopronhorpács'),
('9464', 'Und'),
('9471', 'Nemeskér'),
('9472', 'Újkér'),
('9473', 'Egyházasfalu'),
('9474', 'Szakony'),
('9474', 'Gyalóka'),
('9475', 'Répcevis'),
('9476', 'Zsira'),
('9481', 'Pinnye'),
('9482', 'Nagylózs'),
('9483', 'Sopronkövesd'),
('9484', 'Pereszteg'),
('9485', 'Nagycenk'),
('9491', 'Hidegség'),
('9492', 'Fertőhomok'),
('9493', 'Fertőboz'),
('9494', 'Sopron'),
('9495', 'Kópháza'),
('9500', 'Celldömölk'),
('9511', 'Kemenesmihályfa'),
('9512', 'Ostffyasszonyfa'),
('9513', 'Csönge'),
('9514', 'Kenyeri'),
('9515', 'Pápoc'),
('9516', 'Vönöck'),
('9517', 'Kemenessömjén'),
('9521', 'Kemenesszentmárton'),
('9522', 'Kemenesmagasi'),
('9523', 'Szergény'),
('9531', 'Mersevát'),
('9532', 'Külsővat'),
('9533', 'Nemesszalók'),
('9534', 'Marcalgergelyi'),
('9534', 'Vinár'),
('9541', 'Celldömölk'),
('9542', 'Boba'),
('9542', 'Nemeskocs'),
('9544', 'Kemenespálfa'),
('9545', 'Jánosháza'),
('9547', 'Karakó'),
('9548', 'Nemeskeresztúr'),
('9549', 'Keléd'),
('9551', 'Mesteri'),
('9552', 'Vásárosmiske'),
('9553', 'Köcsk'),
('9553', 'Kemeneskápolna'),
('9554', 'Egyházashetye'),
('9554', 'Borgáta'),
('9555', 'Kissomlyó'),
('9556', 'Duka'),
('9561', 'Nagysimonyi'),
('9561', 'Tokorcs'),
('9600', 'Sárvár'),
('9608', 'Sárvár'),
('9609', 'Sárvár'),
('9611', 'Csénye'),
('9612', 'Bögöt'),
('9612', 'Porpác'),
('9621', 'Ölbő'),
('9622', 'Szeleste'),
('9623', 'Répceszentgyörgy'),
('9624', 'Chernelházadamonya'),
('9625', 'Bő'),
('9625', 'Gór'),
('9631', 'Hegyfalu'),
('9632', 'Sajtoskál'),
('9633', 'Simaság'),
('9634', 'Lócs'),
('9634', 'Iklanberény'),
('9635', 'Zsédeny'),
('9636', 'Pósfa'),
('9641', 'Rábapaty'),
('9643', 'Jákfa'),
('9651', 'Uraiújfalu'),
('9652', 'Nick'),
('9653', 'Répcelak'),
('9654', 'Csánig'),
('9661', 'Vasegerszeg'),
('9662', 'Tompaládony'),
('9662', 'Mesterháza'),
('9663', 'Nemesládony'),
('9664', 'Nagygeresd'),
('9665', 'Vámoscsalád'),
('9671', 'Sitke'),
('9672', 'Gérce'),
('9673', 'Káld'),
('9674', 'Vashosszúfalu'),
('9675', 'Bögöte'),
('9676', 'Hosszúpereszteg'),
('9681', 'Sótony'),
('9682', 'Nyőgér'),
('9683', 'Bejcgyertyános'),
('9684', 'Egervölgy'),
('9685', 'Szemenye'),
('9700', 'Szombathely'),
('9707', 'Szombathely'),
('9721', 'Gencsapáti'),
('9722', 'Perenye'),
('9723', 'Gyöngyösfalu'),
('9724', 'Lukácsháza '),
('9725', 'Kőszegszerdahely'),
('9725', 'Cák'),
('9725', 'Kőszegdoroszló'),
('9726', 'Velem'),
('9727', 'Bozsok'),
('9730', 'Kőszeg'),
('9733', 'Horvátzsidány'),
('9733', 'Kiszsidány'),
('9733', 'Ólmod'),
('9734', 'Peresznye'),
('9735', 'Csepreg'),
('9736', 'Tormásliget'),
('9737', 'Bük'),
('9738', 'Tömörd'),
('9739', 'Nemescsó'),
('9739', 'Kőszegpaty'),
('9739', 'Pusztacsó'),
('9740', 'Bük'),
('9741', 'Vassurány'),
('9742', 'Salköveskút'),
('9743', 'Söpte'),
('9744', 'Vasasszonyfa'),
('9745', 'Meszlen'),
('9746', 'Acsád'),
('9747', 'Vasszilvágy'),
('9748', 'Vát'),
('9749', 'Nemesbőd'),
('9751', 'Vép'),
('9752', 'Bozzai'),
('9752', 'Kenéz'),
('9754', 'Pecöl'),
('9754', 'Megyehíd'),
('9756', 'Ikervár'),
('9757', 'Meggyeskovácsi'),
('9761', 'Táplánszentkereszt'),
('9762', 'Tanakajd'),
('9763', 'Vasszécseny'),
('9764', 'Csempeszkopács'),
('9764', 'Meggyeskovácsi'),
('9766', 'Rum'),
('9766', 'Rábatöttös'),
('9766', 'Zsennye'),
('9771', 'Balogunyom'),
('9772', 'Kisunyom'),
('9773', 'Sorokpolány'),
('9774', 'Sorkifalud'),
('9774', 'Gyanógeregye'),
('9774', 'Sorkikápolna'),
('9775', 'Nemeskolta'),
('9776', 'Püspökmolnári'),
('9777', 'Rábahídvég'),
('9781', 'Egyházashollós'),
('9782', 'Nemesrempehollós'),
('9783', 'Egyházasrádóc'),
('9784', 'Rádóckölked'),
('9784', 'Harasztifalu'),
('9784', 'Nagykölked'),
('9789', 'Sé'),
('9791', 'Torony'),
('9791', 'Dozmat'),
('9792', 'Bucsu'),
('9793', 'Narda'),
('9794', 'Felsőcsatár'),
('9795', 'Vaskeresztes'),
('9796', 'Pornóapáti'),
('9796', 'Horvátlövő'),
('9797', 'Nárai'),
('9798', 'Ják'),
('9799', 'Szentpéterfa'),
('9800', 'Vasvár'),
('9811', 'Andrásfa'),
('9812', 'Telekes'),
('9813', 'Gersekarát'),
('9813', 'Sárfimizdó'),
('9814', 'Halastó'),
('9821', 'Győrvár'),
('9821', 'Hegyhátszentpéter'),
('9823', 'Pácsony'),
('9824', 'Olaszfa'),
('9825', 'Oszkó'),
('9826', 'Petőmihályfa'),
('9831', 'Bérbaltavár'),
('9832', 'Nagytilaj'),
('9833', 'Csehi'),
('9834', 'Csehimindszent'),
('9835', 'Mikosszéplak'),
('9836', 'Csipkerek'),
('9841', 'Kám'),
('9842', 'Alsóújlak'),
('9900', 'Körmend'),
('9909', 'Körmend'),
('9909', 'Magyarnádalja'),
('9912', 'Molnaszecsőd'),
('9912', 'Magyarszecsőd'),
('9913', 'Szarvaskend'),
('9913', 'Döröske'),
('9913', 'Nagymizdó'),
('9914', 'Döbörhegy'),
('9915', 'Nádasd'),
('9915', 'Hegyháthodász'),
('9915', 'Hegyhátsál'),
('9915', 'Katafa'),
('9917', 'Halogy'),
('9917', 'Daraboshegy'),
('9918', 'Felsőmarác'),
('9919', 'Csákánydoroszló'),
('9921', 'Vasalja'),
('9922', 'Pinkamindszent'),
('9923', 'Kemestaródfa'),
('9931', 'Ivánc'),
('9931', 'Hegyhátszentmárton'),
('9932', 'Viszák'),
('9933', 'Őrimagyarósd'),
('9934', 'Hegyhátszentjakab'),
('9934', 'Felsőjánosfa'),
('9934', 'Szaknyér'),
('9935', 'Szőce'),
('9936', 'Kisrákos'),
('9937', 'Pankasz'),
('9938', 'Nagyrákos'),
('9938', 'Szatta'),
('9941', 'Őriszentpéter'),
('9941', 'Ispánk'),
('9942', 'Szalafő'),
('9943', 'Kondorfa'),
('9944', 'Bajánsenye'),
('9944', 'Kerkáskápolna'),
('9945', 'Kercaszomor'),
('9946', 'Magyarszombatfa'),
('9946', 'Velemér'),
('9951', 'Rátót'),
('9952', 'Gasztony'),
('9953', 'Vasszentmihály'),
('9953', 'Nemesmedves'),
('9954', 'Rönök'),
('9955', 'Szentgotthárd'),
('9961', 'Rábagyarmat'),
('9962', 'Csörötnek'),
('9962', 'Magyarlak'),
('9970', 'Szentgotthárd'),
('9981', 'Szentgotthárd'),
('9982', 'Apátistvánfalva'),
('9982', 'Kétvölgy'),
('9982', 'Orfalu'),
('9983', 'Alsószölnök'),
('9983', 'Szakonyfalu'),
('9985', 'Felsőszölnök'),
('1173', 'Budapest'),
('1214', 'Budapest'),
('1135', 'Budapest'),
('1183', 'Budapest'),
('1192', 'Budapest'),
('1116', 'Budapest'),
('1172', 'Budapest'),
('1185', 'Budapest'),
('1141', 'Budapest'),
('1113', 'Budapest'),
('1121', 'Budapest'),
('1182', 'Budapest'),
('1146', 'Budapest'),
('1122', 'Budapest'),
('1162', 'Budapest'),
('1201', 'Budapest'),
('1204', 'Budapest'),
('1237', 'Budapest'),
('1029', 'Budapest'),
('1026', 'Budapest'),
('1211', 'Budapest'),
('1213', 'Budapest'),
('1028', 'Budapest'),
('1194', 'Budapest'),
('1196', 'Budapest'),
('1151', 'Budapest'),
('1125', 'Budapest'),
('1038', 'Budapest'),
('1031', 'Budapest'),
('1158', 'Budapest'),
('1148', 'Budapest'),
('1022', 'Budapest'),
('1024', 'Budapest'),
('1039', 'Budapest'),
('1044', 'Budapest'),
('1174', 'Budapest'),
('1188', 'Budapest'),
('1191', 'Budapest'),
('1195', 'Budapest'),
('1202', 'Budapest'),
('1203', 'Budapest'),
('1215', 'Budapest'),
('1221', 'Budapest'),
('1025', 'Budapest'),
('1016', 'Budapest'),
('1222', 'Budapest'),
('1126', 'Budapest'),
('1032', 'Budapest'),
('1163', 'Budapest'),
('1131', 'Budapest'),
('1184', 'Budapest'),
('1223', 'Budapest'),
('1108', 'Budapest'),
('1171', 'Budapest'),
('1112', 'Budapest'),
('1165', 'Budapest'),
('1033', 'Budapest'),
('1072', 'Budapest'),
('1073', 'Budapest'),
('1164', 'Budapest'),
('1054', 'Budapest'),
('1106', 'Budapest'),
('1225', 'Budapest'),
('1013', 'Budapest'),
('1119', 'Budapest'),
('1205', 'Budapest'),
('1105', 'Budapest'),
('1097', 'Budapest'),
('1101', 'Budapest'),
('1081', 'Budapest'),
('1132', 'Budapest'),
('1117', 'Budapest'),
('1103', 'Budapest'),
('1104', 'Budapest'),
('1181', 'Budapest'),
('1012', 'Budapest'),
('1123', 'Budapest'),
('1154', 'Budapest'),
('1155', 'Budapest'),
('1102', 'Budapest'),
('1161', 'Budapest'),
('1048', 'Budapest'),
('1037', 'Budapest'),
('1077', 'Budapest'),
('1149', 'Budapest'),
('1144', 'Budapest'),
('1076', 'Budapest'),
('1074', 'Budapest'),
('1193', 'Budapest'),
('1239', 'Budapest'),
('1118', 'Budapest'),
('1142', 'Budapest'),
('1021', 'Budapest'),
('1047', 'Budapest'),
('1145', 'Budapest'),
('1061', 'Budapest'),
('1062', 'Budapest'),
('1224', 'Budapest'),
('1094', 'Budapest'),
('1091', 'Budapest'),
('1134', 'Budapest'),
('1014', 'Budapest'),
('1045', 'Budapest'),
('1051', 'Budapest'),
('1083', 'Budapest'),
('1011', 'Budapest'),
('1124', 'Budapest'),
('1152', 'Budapest'),
('1023', 'Budapest'),
('1043', 'Budapest'),
('1212', 'Budapest'),
('1153', 'Budapest'),
('1238', 'Budapest'),
('1052', 'Budapest'),
('1098', 'Budapest'),
('1138', 'Budapest'),
('1133', 'Budapest'),
('1157', 'Budapest'),
('1147', 'Budapest'),
('1107', 'Budapest'),
('1041', 'Budapest'),
('1042', 'Budapest'),
('1036', 'Budapest'),
('1075', 'Budapest'),
('1087', 'Budapest'),
('1084', 'Budapest'),
('1055', 'Budapest'),
('1065', 'Budapest'),
('1063', 'Budapest'),
('1095', 'Budapest'),
('1027', 'Budapest'),
('1071', 'Budapest'),
('1046', 'Budapest'),
('1092', 'Budapest'),
('1093', 'Budapest'),
('1115', 'Budapest'),
('1114', 'Budapest'),
('1136', 'Budapest'),
('1082', 'Budapest'),
('1085', 'Budapest'),
('1086', 'Budapest'),
('1089', 'Budapest'),
('1111', 'Budapest'),
('1056', 'Budapest'),
('1015', 'Budapest'),
('1034', 'Budapest'),
('1139', 'Budapest'),
('1088', 'Budapest'),
('1068', 'Budapest'),
('1186', 'Budapest'),
('1035', 'Budapest'),
('1143', 'Budapest'),
('1137', 'Budapest'),
('1067', 'Budapest'),
('1078', 'Budapest'),
('1053', 'Budapest'),
('1066', 'Budapest'),
('1096', 'Budapest'),
('1007', 'Budapest'),
('1064', 'Budapest'),
('1156', 'Budapest');

--
-- Indexek a kiírt táblákhoz
--

--
-- A tábla indexei `api_endpoints`
--
ALTER TABLE `api_endpoints`
  ADD PRIMARY KEY (`id`),
  ADD UNIQUE KEY `name` (`name`);

--
-- A tábla indexei `company`
--
ALTER TABLE `company`
  ADD PRIMARY KEY (`id`),
  ADD UNIQUE KEY `name` (`name`),
  ADD UNIQUE KEY `company_register_number` (`company_register_number`),
  ADD UNIQUE KEY `tax_number` (`tax_number`);

--
-- A tábla indexei `company_phonenumber`
--
ALTER TABLE `company_phonenumber`
  ADD KEY `phonenumber_id` (`phonenumber_id`),
  ADD KEY `company_id` (`company_id`) USING BTREE;

--
-- A tábla indexei `company_service`
--
ALTER TABLE `company_service`
  ADD KEY `service_id` (`service_id`),
  ADD KEY `company_id` (`company_id`);

--
-- A tábla indexei `doctors`
--
ALTER TABLE `doctors`
  ADD PRIMARY KEY (`user_id`),
  ADD UNIQUE KEY `slug` (`slug`);

--
-- A tábla indexei `doctor_company`
--
ALTER TABLE `doctor_company`
  ADD KEY `company_id` (`company_id`),
  ADD KEY `user_id` (`user_id`) USING BTREE;

--
-- A tábla indexei `doctor_education`
--
ALTER TABLE `doctor_education`
  ADD KEY `education_id` (`education_id`),
  ADD KEY `user_id` (`user_id`) USING BTREE;

--
-- A tábla indexei `doctor_hospital`
--
ALTER TABLE `doctor_hospital`
  ADD KEY `hospital_id` (`hospital_id`),
  ADD KEY `user_id` (`user_id`) USING BTREE;

--
-- A tábla indexei `doctor_language`
--
ALTER TABLE `doctor_language`
  ADD KEY `language_id` (`language_id`),
  ADD KEY `user_id` (`user_id`) USING BTREE;

--
-- A tábla indexei `doctor_phonenumber`
--
ALTER TABLE `doctor_phonenumber`
  ADD KEY `phonenumber_id` (`phonenumber_id`),
  ADD KEY `doctor_id` (`user_id`);

--
-- A tábla indexei `doctor_service`
--
ALTER TABLE `doctor_service`
  ADD KEY `service_id` (`service_id`),
  ADD KEY `user_id` (`user_id`) USING BTREE;

--
-- A tábla indexei `educations`
--
ALTER TABLE `educations`
  ADD PRIMARY KEY (`id`);

--
-- A tábla indexei `endpoints`
--
ALTER TABLE `endpoints`
  ADD PRIMARY KEY (`id`);

--
-- A tábla indexei `genders`
--
ALTER TABLE `genders`
  ADD PRIMARY KEY (`id`);

--
-- A tábla indexei `holidays`
--
ALTER TABLE `holidays`
  ADD PRIMARY KEY (`id`),
  ADD KEY `doctor_id` (`doctor_id`);

--
-- A tábla indexei `hospitals`
--
ALTER TABLE `hospitals`
  ADD PRIMARY KEY (`id`),
  ADD UNIQUE KEY `name` (`name`),
  ADD UNIQUE KEY `slug` (`slug`),
  ADD KEY `company_id` (`company_id`);

--
-- A tábla indexei `hospital_phonenumber`
--
ALTER TABLE `hospital_phonenumber`
  ADD KEY `phonenumber_id` (`phonenumber_id`),
  ADD KEY `hospital_id` (`hospital_id`) USING BTREE;

--
-- A tábla indexei `hospital_service`
--
ALTER TABLE `hospital_service`
  ADD KEY `service_id` (`service_id`),
  ADD KEY `hospital_id` (`hospital_id`) USING BTREE;

--
-- A tábla indexei `images`
--
ALTER TABLE `images`
  ADD PRIMARY KEY (`id`);

--
-- A tábla indexei `languages`
--
ALTER TABLE `languages`
  ADD PRIMARY KEY (`id`);

--
-- A tábla indexei `link_tokens`
--
ALTER TABLE `link_tokens`
  ADD PRIMARY KEY (`id`);

--
-- A tábla indexei `phonenumber`
--
ALTER TABLE `phonenumber`
  ADD PRIMARY KEY (`id`);

--
-- A tábla indexei `reservations`
--
ALTER TABLE `reservations`
  ADD PRIMARY KEY (`id`),
  ADD KEY `hospital_id` (`hospital_id`),
  ADD KEY `service_id` (`service_id`),
  ADD KEY `user_id` (`user_id`),
  ADD KEY `doctor_id` (`doctor_id`);

--
-- A tábla indexei `roles`
--
ALTER TABLE `roles`
  ADD PRIMARY KEY (`id`);

--
-- A tábla indexei `services`
--
ALTER TABLE `services`
  ADD PRIMARY KEY (`id`);

--
-- A tábla indexei `tokens`
--
ALTER TABLE `tokens`
  ADD PRIMARY KEY (`id`),
  ADD UNIQUE KEY `access_token` (`access_token`),
  ADD KEY `user_id` (`user_id`);

--
-- A tábla indexei `users`
--
ALTER TABLE `users`
  ADD PRIMARY KEY (`id`),
  ADD UNIQUE KEY `email` (`email`),
  ADD KEY `role_id` (`role_id`);

--
-- A tábla indexei `user_company`
--
ALTER TABLE `user_company`
  ADD KEY `user_id` (`user_id`),
  ADD KEY `company_id` (`company_id`);

--
-- A tábla indexei `user_data`
--
ALTER TABLE `user_data`
  ADD PRIMARY KEY (`user_id`),
  ADD UNIQUE KEY `TAJ` (`TAJ`),
  ADD KEY `gender_id` (`gender_id`);

--
-- A tábla indexei `user_hospital`
--
ALTER TABLE `user_hospital`
  ADD KEY `user_id` (`user_id`),
  ADD KEY `hospital_id` (`hospital_id`);

--
-- A tábla indexei `user_logs`
--
ALTER TABLE `user_logs`
  ADD PRIMARY KEY (`id`),
  ADD KEY `user_id` (`user_id`);

--
-- A tábla indexei `worktimes`
--
ALTER TABLE `worktimes`
  ADD PRIMARY KEY (`id`),
  ADD KEY `fk_foreign_key_doctor_id` (`doctor_id`),
  ADD KEY `fk_foreign_key_hospital_id` (`hospital_id`),
  ADD KEY `service_id` (`service_id`);

--
-- A kiírt táblák AUTO_INCREMENT értéke
--

--
-- AUTO_INCREMENT a táblához `api_endpoints`
--
ALTER TABLE `api_endpoints`
  MODIFY `id` int(11) NOT NULL AUTO_INCREMENT, AUTO_INCREMENT=148;

--
-- AUTO_INCREMENT a táblához `company`
--
ALTER TABLE `company`
  MODIFY `id` int(11) NOT NULL AUTO_INCREMENT, AUTO_INCREMENT=13;

--
-- AUTO_INCREMENT a táblához `educations`
--
ALTER TABLE `educations`
  MODIFY `id` int(11) NOT NULL AUTO_INCREMENT, AUTO_INCREMENT=6;

--
-- AUTO_INCREMENT a táblához `endpoints`
--
ALTER TABLE `endpoints`
  MODIFY `id` int(11) NOT NULL AUTO_INCREMENT, AUTO_INCREMENT=20;

--
-- AUTO_INCREMENT a táblához `genders`
--
ALTER TABLE `genders`
  MODIFY `id` int(11) NOT NULL AUTO_INCREMENT, AUTO_INCREMENT=3;

--
-- AUTO_INCREMENT a táblához `holidays`
--
ALTER TABLE `holidays`
  MODIFY `id` int(11) NOT NULL AUTO_INCREMENT;

--
-- AUTO_INCREMENT a táblához `hospitals`
--
ALTER TABLE `hospitals`
  MODIFY `id` int(11) NOT NULL AUTO_INCREMENT, AUTO_INCREMENT=8;

--
-- AUTO_INCREMENT a táblához `images`
--
ALTER TABLE `images`
  MODIFY `id` int(11) NOT NULL AUTO_INCREMENT, AUTO_INCREMENT=2;

--
-- AUTO_INCREMENT a táblához `languages`
--
ALTER TABLE `languages`
  MODIFY `id` int(11) NOT NULL AUTO_INCREMENT, AUTO_INCREMENT=10;

--
-- AUTO_INCREMENT a táblához `link_tokens`
--
ALTER TABLE `link_tokens`
  MODIFY `id` int(11) NOT NULL AUTO_INCREMENT, AUTO_INCREMENT=11;

--
-- AUTO_INCREMENT a táblához `phonenumber`
--
ALTER TABLE `phonenumber`
  MODIFY `id` int(11) NOT NULL AUTO_INCREMENT, AUTO_INCREMENT=7;

--
-- AUTO_INCREMENT a táblához `reservations`
--
ALTER TABLE `reservations`
  MODIFY `id` int(11) NOT NULL AUTO_INCREMENT, AUTO_INCREMENT=2;

--
-- AUTO_INCREMENT a táblához `roles`
--
ALTER TABLE `roles`
  MODIFY `id` int(11) NOT NULL AUTO_INCREMENT, AUTO_INCREMENT=7;

--
-- AUTO_INCREMENT a táblához `services`
--
ALTER TABLE `services`
  MODIFY `id` int(11) NOT NULL AUTO_INCREMENT, AUTO_INCREMENT=14;

--
-- AUTO_INCREMENT a táblához `tokens`
--
ALTER TABLE `tokens`
  MODIFY `id` int(11) NOT NULL AUTO_INCREMENT, AUTO_INCREMENT=36;

--
-- AUTO_INCREMENT a táblához `users`
--
ALTER TABLE `users`
  MODIFY `id` int(11) NOT NULL AUTO_INCREMENT, AUTO_INCREMENT=4;

--
-- AUTO_INCREMENT a táblához `user_logs`
--
ALTER TABLE `user_logs`
  MODIFY `id` int(11) NOT NULL AUTO_INCREMENT, AUTO_INCREMENT=150;

--
-- AUTO_INCREMENT a táblához `worktimes`
--
ALTER TABLE `worktimes`
  MODIFY `id` int(11) NOT NULL AUTO_INCREMENT, AUTO_INCREMENT=3;

--
-- Megkötések a kiírt táblákhoz
--

--
-- Megkötések a táblához `company_phonenumber`
--
ALTER TABLE `company_phonenumber`
  ADD CONSTRAINT `company_phonenumber_ibfk_1` FOREIGN KEY (`company_id`) REFERENCES `company` (`id`),
  ADD CONSTRAINT `company_phonenumber_ibfk_2` FOREIGN KEY (`phonenumber_id`) REFERENCES `phonenumber` (`id`);

--
-- Megkötések a táblához `company_service`
--
ALTER TABLE `company_service`
  ADD CONSTRAINT `company_service_ibfk_1` FOREIGN KEY (`company_id`) REFERENCES `company` (`id`),
  ADD CONSTRAINT `company_service_ibfk_2` FOREIGN KEY (`service_id`) REFERENCES `services` (`id`),
  ADD CONSTRAINT `company_service_ibfk_3` FOREIGN KEY (`company_id`) REFERENCES `company` (`id`),
  ADD CONSTRAINT `company_service_ibfk_4` FOREIGN KEY (`company_id`) REFERENCES `company` (`id`);

--
-- Megkötések a táblához `doctors`
--
ALTER TABLE `doctors`
  ADD CONSTRAINT `doctors_ibfk_1` FOREIGN KEY (`user_id`) REFERENCES `users` (`id`),
  ADD CONSTRAINT `doctors_ibfk_2` FOREIGN KEY (`user_id`) REFERENCES `users` (`id`);

--
-- Megkötések a táblához `doctor_company`
--
ALTER TABLE `doctor_company`
  ADD CONSTRAINT `doctor_company_ibfk_1` FOREIGN KEY (`user_id`) REFERENCES `doctors` (`user_id`),
  ADD CONSTRAINT `doctor_company_ibfk_2` FOREIGN KEY (`company_id`) REFERENCES `company` (`id`);

--
-- Megkötések a táblához `doctor_education`
--
ALTER TABLE `doctor_education`
  ADD CONSTRAINT `doctor_education_ibfk_1` FOREIGN KEY (`user_id`) REFERENCES `doctors` (`user_id`),
  ADD CONSTRAINT `doctor_education_ibfk_2` FOREIGN KEY (`education_id`) REFERENCES `educations` (`id`);

--
-- Megkötések a táblához `doctor_hospital`
--
ALTER TABLE `doctor_hospital`
  ADD CONSTRAINT `doctor_hospital_ibfk_1` FOREIGN KEY (`user_id`) REFERENCES `doctors` (`user_id`),
  ADD CONSTRAINT `doctor_hospital_ibfk_2` FOREIGN KEY (`hospital_id`) REFERENCES `hospitals` (`id`);

--
-- Megkötések a táblához `doctor_language`
--
ALTER TABLE `doctor_language`
  ADD CONSTRAINT `doctor_language_ibfk_1` FOREIGN KEY (`user_id`) REFERENCES `doctors` (`user_id`),
  ADD CONSTRAINT `doctor_language_ibfk_2` FOREIGN KEY (`language_id`) REFERENCES `languages` (`id`);

--
-- Megkötések a táblához `doctor_phonenumber`
--
ALTER TABLE `doctor_phonenumber`
  ADD CONSTRAINT `doctor_phonenumber_ibfk_1` FOREIGN KEY (`user_id`) REFERENCES `doctors` (`user_id`),
  ADD CONSTRAINT `doctor_phonenumber_ibfk_2` FOREIGN KEY (`phonenumber_id`) REFERENCES `phonenumber` (`id`);

--
-- Megkötések a táblához `doctor_service`
--
ALTER TABLE `doctor_service`
  ADD CONSTRAINT `doctor_service_ibfk_1` FOREIGN KEY (`user_id`) REFERENCES `doctors` (`user_id`),
  ADD CONSTRAINT `doctor_service_ibfk_2` FOREIGN KEY (`service_id`) REFERENCES `services` (`id`);

--
-- Megkötések a táblához `holidays`
--
ALTER TABLE `holidays`
  ADD CONSTRAINT `holidays_ibfk_1` FOREIGN KEY (`doctor_id`) REFERENCES `doctors` (`user_id`);

--
-- Megkötések a táblához `hospitals`
--
ALTER TABLE `hospitals`
  ADD CONSTRAINT `hospitals_ibfk_1` FOREIGN KEY (`company_id`) REFERENCES `company` (`id`);

--
-- Megkötések a táblához `hospital_phonenumber`
--
ALTER TABLE `hospital_phonenumber`
  ADD CONSTRAINT `hospital_phonenumber_ibfk_1` FOREIGN KEY (`hospital_id`) REFERENCES `hospitals` (`id`),
  ADD CONSTRAINT `hospital_phonenumber_ibfk_2` FOREIGN KEY (`phonenumber_id`) REFERENCES `phonenumber` (`id`);

--
-- Megkötések a táblához `hospital_service`
--
ALTER TABLE `hospital_service`
  ADD CONSTRAINT `hospital_service_ibfk_1` FOREIGN KEY (`hospital_id`) REFERENCES `hospitals` (`id`),
  ADD CONSTRAINT `hospital_service_ibfk_2` FOREIGN KEY (`service_id`) REFERENCES `services` (`id`);

--
-- Megkötések a táblához `reservations`
--
ALTER TABLE `reservations`
  ADD CONSTRAINT `reservations_ibfk_1` FOREIGN KEY (`hospital_id`) REFERENCES `hospitals` (`id`),
  ADD CONSTRAINT `reservations_ibfk_2` FOREIGN KEY (`service_id`) REFERENCES `services` (`id`),
  ADD CONSTRAINT `reservations_ibfk_3` FOREIGN KEY (`user_id`) REFERENCES `users` (`id`),
  ADD CONSTRAINT `reservations_ibfk_4` FOREIGN KEY (`doctor_id`) REFERENCES `doctors` (`user_id`);

--
-- Megkötések a táblához `tokens`
--
ALTER TABLE `tokens`
  ADD CONSTRAINT `tokens_ibfk_1` FOREIGN KEY (`user_id`) REFERENCES `users` (`id`);

--
-- Megkötések a táblához `users`
--
ALTER TABLE `users`
  ADD CONSTRAINT `users_ibfk_1` FOREIGN KEY (`role_id`) REFERENCES `roles` (`id`);

--
-- Megkötések a táblához `user_company`
--
ALTER TABLE `user_company`
  ADD CONSTRAINT `user_company_ibfk_1` FOREIGN KEY (`user_id`) REFERENCES `users` (`id`),
  ADD CONSTRAINT `user_company_ibfk_2` FOREIGN KEY (`company_id`) REFERENCES `company` (`id`);

--
-- Megkötések a táblához `user_data`
--
ALTER TABLE `user_data`
  ADD CONSTRAINT `user_data_ibfk_1` FOREIGN KEY (`user_id`) REFERENCES `users` (`id`),
  ADD CONSTRAINT `user_data_ibfk_2` FOREIGN KEY (`gender_id`) REFERENCES `genders` (`id`);

--
-- Megkötések a táblához `user_hospital`
--
ALTER TABLE `user_hospital`
  ADD CONSTRAINT `user_hospital_ibfk_1` FOREIGN KEY (`user_id`) REFERENCES `users` (`id`),
  ADD CONSTRAINT `user_hospital_ibfk_2` FOREIGN KEY (`hospital_id`) REFERENCES `hospitals` (`id`);

--
-- Megkötések a táblához `user_logs`
--
ALTER TABLE `user_logs`
  ADD CONSTRAINT `user_logs_ibfk_1` FOREIGN KEY (`user_id`) REFERENCES `users` (`id`);

--
-- Megkötések a táblához `worktimes`
--
ALTER TABLE `worktimes`
  ADD CONSTRAINT `fk_foreign_key_doctor_id` FOREIGN KEY (`doctor_id`) REFERENCES `doctors` (`user_id`),
  ADD CONSTRAINT `fk_foreign_key_hospital_id` FOREIGN KEY (`hospital_id`) REFERENCES `hospitals` (`id`),
  ADD CONSTRAINT `worktimes_ibfk_1` FOREIGN KEY (`service_id`) REFERENCES `services` (`id`);
COMMIT;

/*!40101 SET CHARACTER_SET_CLIENT=@OLD_CHARACTER_SET_CLIENT */;
/*!40101 SET CHARACTER_SET_RESULTS=@OLD_CHARACTER_SET_RESULTS */;
/*!40101 SET COLLATION_CONNECTION=@OLD_COLLATION_CONNECTION */;
